mingma,anma
6760814,UAWWZPMKP
6760815,ZOJBWTWNO
6760816,HSCEKQCZU
6760817,CQOCBGFAK
6760818,RYZWPNJFB
6760819,XMEJYVIHR
6760820,BNRGXXCOQ
6760821,ZKQWBGRBN
6760822,TWBXLHBMJ
6760823,QUAAQBGTS
6760824,CZSMWUBGB
6760825,YYEWGHUML
6760826,KPCHIHIGB
6760827,GVABOPEOR
6760828,DXIFJEZPH
6760829,NYURZZQDD
6760830,JWWEHKQZN
6760831,CETECYWZH
6760832,ANKFPNUAF
6760833,TNBARPBIR
6760834,WYXAJFBJF
6760835,RQVTFSBTE
6760836,RFDRJQESV
6760837,HCSUMOZKR
6760838,YYVUIFQZE
6760839,LTLAXZCIY
6760840,WMRFHCLNE
6760841,IUBCVYXQH
6760842,UOFVRQPZJ
6760843,MLRJYWHBS
6760844,COVZAQFGR
6760845,AUPGMTUUH
6760846,KMULIOHTP
6760847,VPCILYBDJ
6760848,PVKZWOHRS
6760849,RRPSHKXKJ
6760850,URMFEIHCM
6760851,EDSIABINM
6760852,LXHPNHERH
6760853,BQJVZZHKQ
6760854,OIWQJNCFY
6760855,BLCRPUZMR
6760856,XWMWBRDEE
6760857,TRKJMSIXH
6760858,PEICSFIHM
6760859,DUNUDEPBO
6760860,DNAACYGFN
6760861,VKGJZCXWP
6760862,YOOSNHQVN
6760863,SKILIQDYB
6760864,UTFZSKZBA
6760865,HDGLIUHCH
6760866,RNSMKMFZM
6760867,VBQBCUBEP
6760868,VKVTUBHKT
6760869,ZNFDCZQRR
6760870,ZLAEAFZMH
6760871,DIWZDRHZG
6760872,YSHIMOSWJ
6760873,FGBQQTQDG
6760874,XYNYHCXON
6760875,QYDNLNYGT
6760876,WXKTVEUYO
6760877,PVZIDVIZK
6760878,EBJHMNNRA
6760879,FXCKTIOZD
6760880,FNZFZTAQR
6760881,LSVKVITIK
6760882,RLPEGOROT
6760883,JLBLHXHFI
6760884,IOCSATGEA
6760885,ICJTCKCXB
6760886,KIDJDEPEU
6760887,VCISQQNAX
6760888,PZBJOLCDG
6760889,GNRELUWPC
6760890,RAZMQXWHD
6760891,YTOBWDLQB
6760892,DWPZREFFY
6760893,EHWQBWLWC
6760894,OPJIKXAZG
6760895,TADKOXHYE
6760896,CPNNKTJKN
6760897,SDVRHSSCZ
6760898,OUTIFRUPH
6760899,RQHJSGQDY
6760900,BXYDNKHPW
6760901,XLCSNDZVX
6760902,GGCHAWRPF
6760903,BNPQLETRG
6760904,GFEIOXQPS
6760905,FLEWSCIEF
6760906,SFVFAWLSG
6760907,UAYETLQTR
6760908,ORHSTYCOJ
6760909,UBQRGXQPN
6760910,RLAXXVTBH
6760911,CZPRGFRBC
6760912,ZMBWNMHYH
6760913,XMSGVBDOM
6760914,CNMCXFTEJ
6760915,YMKEXVFUA
6760916,MNGXJHSKX
6760917,RGDZDNXUE
6760918,XBLWDXOKJ
6760919,XAPAQFILO
6760920,SEYNSUOTU
6760921,OGVHSVWCQ
6760922,BKOECJQXC
6760923,IKUQESDQI
6760924,FQEKNZAQF
6760925,KOXNADXWD
6760926,WOIOBIHUT
6760927,FRIAIIKNY
6760928,VLUWEDUZT
6760929,MWJPKTGOK
6760930,EEGIJDUCC
6760931,TVSYGGLCI
6760932,IXONTVJZW
6760933,BPKGOFSVQ
6760934,QRTNCIXDQ
6760935,VIDXYEPGY
6760936,GZLBIOKSN
6760937,XBCZBAHGX
6760938,JGFMWEMLR
6760939,VGMQDQVBT
6760940,SCBJTRNMK
6760941,GDLYTNIJD
6760942,LMPQQHMVI
6760943,KUKVQVEUJ
6760944,EBBUUJQMF
6760945,AWNDPGDEW
6760946,EYKTFKLRU
6760947,GQLBHHIGF
6760948,HLFNKZBYU
6760949,KYBACCBZT
6760950,AQFCRXBYT
6760951,IUXWFKHAL
6760952,GHRGEZKWT
6760953,GVSEWVHEN
6760954,GLXSONDZH
6760955,WJIFAZWAL
6760956,JZZHWJTNO
6760957,DDODQEWYX
6760958,UQOTADARK
6760959,SEEZIHSOJ
6760960,SBDKVIJNC
6760961,VXRBRXJLB
6760962,LBYWNZSDI
6760963,AKYFORSOM
6760964,XNLFLSAHH
6760965,ILMWLIWVQ
6760966,BGDAENMTG
6760967,FQESGIHLK
6760968,YYFIRECPV
6760969,DHVIMEGTY
6760970,HJZYXMPBB
6760971,ZXXFUXYJW
6760972,DJEVGVTCU
6760973,QRYHZZAQF
6760974,BEQGFUGMZ
6760975,DZMDVPSYO
6760976,NEMZLBBNU
6760977,RGSEVJGFN
6760978,NRVNVTOOH
6760979,YIGOSKPLN
6760980,CXNUYUQHV
6760981,USBLOWDDG
6760982,DJLAJRNOG
6760983,QXQVEVIOU
6760984,PTRODIISE
6760985,JSQWZYWLA
6760986,YGNNVCVHP
6760987,KCSMLCOVY
6760988,PSCKJXEOY
6760989,FJVDHZETR
6760990,ACJYZZROX
6760991,FNZUZGSQT
6760992,CKQCAXFCN
6760993,ULRDNJBED
6760994,KMHPGZAEG
6760995,IZHDUJPFW
6760996,NTJCXIIJW
6760997,SDUUSLHKR
6760998,KWBLWYAZW
6760999,KNZMGDGPO
6761000,RDCVMJHMQ
6761001,VFIUIPCWA
6761002,SXRMCMQUP
6761003,LOOZLFZSS
6761004,NQPPAZPRO
6761005,RERWGCUSF
6761006,AKJXUAAXV
6761007,VEKOLVTAM
6761008,FEWWDCBTB
6761009,RUDBKPAWM
6761010,KFISSQYGP
6761011,QQQLZYXTN
6761012,BLDQQSJYT
6761013,KYDYJWLRM
6761014,ZNHCRMBPC
6761015,NJIEODAEE
6761016,WEAUKBVUP
6761017,QJESXUYGL
6761018,YWFMTZQEP
6761019,SPZYVYZEN
6761020,IYCVNZVIT
6761021,LQXECWNXV
6761022,SJQJOZDDW
6761023,HQDBRAKSE
6761024,VFNOECGHW
6761025,XKRWWCAYC
6761026,ROETIOZNE
6761027,TWEYENLNA
6761028,YNQPACIJC
6761029,EQLVVQXJB
6761030,OMPWDSDPI
6761031,PNVBGKGFU
6761032,LOBHJUZHT
6761033,EMVMGPOBM
6761034,VAPZJTPXY
6761035,VYSOPHFGD
6761036,KHNSHFBMA
6761037,JLQUDZSFC
6761038,IJIQWQWGX
6761039,IRSJEKKEC
6761040,WIUVQKJEN
6761041,CWIOVRSFJ
6761042,LWQNJRHTY
6761043,YXHRDHRGD
6761044,AKSZFWQDG
6761045,HKBQNKMSQ
6761046,DYDZXNFEA
6761047,POZGDLZIH
6761048,NISLYIQFD
6761049,BRLGOALKS
6761050,WOHSSNJAE
6761051,EUVJIYFCY
6761052,UYOEMZNJF
6761053,MEELHUDIS
6761054,FNKSWYKTO
6761055,FZEMBMZCW
6761056,PSHEAOPFA
6761057,UZBLTQUXR
6761058,QWQSSQWAL
6761059,CTDMRMNDW
6761060,TGTBNBPXK
6761061,RMPLJZHXZ
6761062,ZOJUXWVHM
6761063,LXGFECODJ
6761064,XOVYOJQRZ
6761065,LIWHBVKOG
6761066,PFJRIGPCS
6761067,EIVYRABGW
6761068,ZFRASGRPT
6761069,PCFJPDUBQ
6761070,BAFKZKMGY
6761071,IKXRJSNIE
6761072,OYHMQBELB
6761073,JZJKNHNWS
6761074,UVGYGSKCC
6761075,TZLPXSKDM
6761076,GNCYOLFVH
6761077,PGKZENTAT
6761078,KFYESOMJU
6761079,GXEWMMMFH
6761080,AQQXJCEHS
6761081,FGKINBNNL
6761082,KZDVJSEVO
6761083,TDKMXZONS
6761084,KVNHUYRGB
6761085,WZJEVEEQQ
6761086,GDXFDMKBD
6761087,TIDGSMDPP
6761088,YAFZTEEMO
6761089,EWISOFIBN
6761090,QRXPWHQNX
6761091,JNQHAUVPX
6761092,UGFEQYYCS
6761093,OAJDJJXVJ
6761094,DHFGTYTSP
6761095,PQYXIWYNR
6761096,FZINPJBNJ
6761097,UBOBDALMD
6761098,HDCCKIVRF
6761099,KJFNPRMSG
6761100,ALJEKAMME
6761101,ENDMRNLWM
6761102,NTWDBJQON
6761103,PLDNFHRVY
6761104,MJPDWOOCD
6761105,MIIZKQGML
6761106,EXNKHWSNR
6761107,KJEYGFFNF
6761108,XYEINYTBF
6761109,ZSPWWRBYV
6761110,WCNSZPISY
6761111,EKPQXEKEK
6761112,GWFJRJREP
6761113,HWKEANJJB
6761114,HJLWBZRBG
6761115,PSULLOSMO
6761116,EJMXYPGEW
6761117,SCFLEMQIN
6761118,LZLOAERWV
6761119,SXPGWYPAG
6761120,OWRATJXWK
6761121,RAWKOKHAM
6761122,KLWBAVNHN
6761123,UWVWYGKLE
6761124,INKVMETJM
6761125,SVWHGILQT
6761126,YDNBTNZAR
6761127,TFEPWHJKR
6761128,EVRZALBHG
6761129,WYYHITYIY
6761130,MKPHCWKIH
6761131,CICRLACVW
6761132,NFMEFPUJK
6761133,WAUMUNCRX
6761134,YBRVNCPGC
6761135,DHHLYASQP
6761136,SWYFSNYRP
6761137,LAWKYOTVE
6761138,FMILWCRIR
6761139,LYFIOZSGQ
6761140,YZSVSUSHZ
6761141,EBZQQMOFL
6761142,PJPCMUVKB
6761143,ZBYUXQQME
6761144,HUENSTORP
6761145,HTEEMVFSC
6761146,TNDRGTNTY
6761147,BFCJJDPAR
6761148,PXOKWJSDP
6761149,KCRPOVBJX
6761150,TUCGYKWEL
6761151,FUNGXSAIW
6761152,UPJKUPMMI
6761153,AQVSYGYRH
6761154,BWUWMKXXJ
6761155,APENWXVPQ
6761156,VEIZKVINN
6761157,EYBBKEXLW
6761158,CFKYZDCZL
6761159,AYHSOVNQR
6761160,DAUXHPSLF
6761161,XXLSCDSUX
6761162,JHKEYGLDE
6761163,FJGRGRABN
6761164,OQJJLLKHU
6761165,ULFEPSJSJ
6761166,LIWDTYMGB
6761167,UBBYZVOJX
6761168,CYNUTDCPZ
6761169,LHGNOXQAZ
6761170,UDBCPLCUO
6761171,DGRNCBAWP
6761172,JWUAEKYWW
6761173,CRAEGIQPB
6761174,HEQRNHQJD
6761175,SJQNSVRJR
6761176,LTABPRTGP
6761177,IQCEBAVIQ
6761178,OMBYWPBCJ
6761179,JLBBATKJL
6761180,RHKNBNWIT
6761181,QQGOKMORE
6761182,SQAFRCSYF
6761183,AGMHACFXN
6761184,RLCLOFLZO
6761185,JOUGQLUPZ
6761186,DIXBPZGTP
6761187,SXBOAKKKE
6761188,HXARRHPFH
6761189,AOCMRUFIC
6761190,PLGDNAHGF
6761191,WEPQJODYM
6761192,KHQQESZPG
6761193,TCLZPFJEL
6761194,WCIUIZABG
6761195,UXHXQJNGX
6761196,BUEJDAKET
6761197,IBURQFDAS
6761198,EYAEFOGHQ
6761199,ZOIWTRQVN
6761200,CNYBRBWVX
6761201,XKSUSREYI
6761202,GHTDDCMYF
6761203,TMPNOBBMJ
6761204,HXBEUVHUR
6761205,HMDHPNQNL
6761206,FSISINIDU
6761207,SMTYPOAXU
6761208,GNQGKCHQG
6761209,VZWHFNBAT
6761210,MIJZRPJJA
6761211,MPLSOLYLH
6761212,BZJPJZJXB
6761213,FLZISPVAF
6761214,CBQQYSUXK
6761215,YOBDGLTPL
6761216,CHNWJLJIC
6761217,GMBUPRCAA
6761218,FZDARSNQX
6761219,KSTQJQJET
6761220,NACAGFHBO
6761221,BPXZLLAWH
6761222,RTTEFDQMK
6761223,ABHYFPQCU
6761224,NEXKQTSVG
6761225,PXMYJRECZ
6761226,IRRWOGVBN
6761227,HYCXNSHAN
6761228,NCGXFHHHT
6761229,FINQEARSP
6761230,KPYWHUZMY
6761231,IGAMROAFD
6761232,YCYCKXAZN
6761233,QYTMUXLTI
6761234,PXKUGRSML
6761235,DVCYCBZYW
6761236,AKTBCSEPI
6761237,BQIFAYIER
6761238,SKTNHBYQH
6761239,QVATDPHKQ
6761240,USPLQFSCH
6761241,YOEFVZNYX
6761242,SROMXOMLP
6761243,XUYSASUZP
6761244,EVJBIAXXO
6761245,EPYEUNEON
6761246,YMOSINYEG
6761247,KCBITZGWT
6761248,XOWVVAOLN
6761249,GXVJRKNTB
6761250,SABCEVFUT
6761251,PYPIGQQJZ
6761252,FTVAQSWNA
6761253,IPFPMZWGS
6761254,IZXPKVNZJ
6761255,XWKSESRGP
6761256,KOOUBFLHH
6761257,LKVSRJCHN
6761258,KHAWFFMQY
6761259,IJDFKYPGA
6761260,UVYZWQWZO
6761261,ZWUDAVGKH
6761262,VPDMTVIXR
6761263,WVDQJTPPF
6761264,SJSAUZMMX
6761265,ARXPUJIGA
6761266,EUVMMPLTS
6761267,ZFRYIJXRW
6761268,GASMIHUEE
6761269,ICWACUSJW
6761270,NMIQOIIJM
6761271,MYYHYSRGL
6761272,GLOKGIZPV
6761273,BWFSNROYT
6761274,SBEDSCFBF
6761275,GJHUOVXZX
6761276,JCZKISQPV
6761277,BAKGIXOGM
6761278,JJZFTHRGC
6761279,SYDDDPXDZ
6761280,MQJLUSHXG
6761281,VDUKZYSEX
6761282,ZLCHPJACC
6761283,BPVTUOGPK
6761284,XOIFVUSHH
6761285,OAKIXQQIA
6761286,MWUAAVOVK
6761287,KFKYFGTNS
6761288,PQNGXTRCQ
6761289,ITMBFIEQH
6761290,KIBUNAJFA
6761291,WYXMMAQLS
6761292,VATHYGTGY
6761293,YOONMMCJQ
6761294,TKITMUBGV
6761295,QZHBSWDZV
6761296,QITBXHGYE
6761297,MPWYLLDOY
6761298,CJFENJWBK
6761299,XOMHLFWCB
6761300,DBYNNRBRK
6761301,VMYXXSFMZ
6761302,VKWDFLKOH
6761303,INYHOVJZW
6761304,ZNTTAZCDS
6761305,NLFYBPECR
6761306,ADYJQGJJY
6761307,IUJVFCKTW
6761308,AASIVOICG
6761309,ETABNNICI
6761310,DIWAGKLVL
6761311,NMJJAAZWQ
6761312,BHTHGRVTI
6761313,FIQNJPODH
6761314,FWLSALHYP
6761315,XILTSKILG
6761316,HUFGSQDPI
6761317,QXTKLKBHB
6761318,PHAWOMKIU
6761319,JNGWVXCNW
6761320,EFRHBUQIF
6761321,SEWXCUPDK
6761322,PTIZXWAGC
6761323,LUMXTOBXE
6761324,FVAXGTACH
6761325,DIHPYZLNV
6761326,BNFJXKRDC
6761327,YPFNNZFBE
6761328,SOOQHYAPO
6761329,VQALVFZVZ
6761330,FLKBVBVSQ
6761331,FHBBEBOMN
6761332,ZYIRLSABD
6761333,UAKGJVSCZ
6761334,LQHWVPTCI
6761335,XHYDPNJEG
6761336,FZHOLOGVL
6761337,OAEGDNFOJ
6761338,THUVOSXQS
6761339,OXHMGGLDJ
6761340,TRWUEIODI
6761341,NYBOGIPUR
6761342,EXLJWRKGG
6761343,DBWDXKCUD
6761344,YZIXXUCNE
6761345,AKJTXXVCL
6761346,EQJALMHTW
6761347,MPWDGNZEZ
6761348,PAXLMIFRS
6761349,VFKCNBGRR
6761350,QGDYGEGTM
6761351,XMHZRBZMU
6761352,ZYASHTSKT
6761353,REAIODRFD
6761354,ZAYGZJOSH
6761355,XIASZHZXG
6761356,VQGFEYCNR
6761357,OJHGXTWHK
6761358,IFAPFUWFH
6761359,MOGTMEWGM
6761360,NYRSSARSG
6761361,FRVWNLBXV
6761362,KSDPKGZNA
6761363,AJHZMLFQG
6761364,HHLAWISYQ
6761365,FWLJDMEIJ
6761366,HDGKZONMK
6761367,GWUQSQIYM
6761368,WMSRAPPHA
6761369,SXPCBIZWC
6761370,IJRMIYMZW
6761371,NBSOSCIFH
6761372,YRFLWJLSC
6761373,BOTXOBKDD
6761374,RPXMAVOTZ
6761375,XVYJPBTBM
6761376,DGFKXLXAF
6761377,SDWJQEXKH
6761378,SHYZEYKQU
6761379,HMIMFCUAW
6761380,TURKGWUYV
6761381,OUEREDCYV
6761382,IMXSUOUMT
6761383,WTMWCRFTO
6761384,HJPILFGYX
6761385,ZCOIEMKUL
6761386,DNMNWOCXF
6761387,JGEXCYHCQ
6761388,DPDUPLGJI
6761389,EHLDVVEDC
6761390,ZPWRGNGTR
6761391,GRJOGCPJI
6761392,BLCMRJFQI
6761393,RYLGNXFSS
6761394,SCRRSURRL
6761395,YRYSQBRJA
6761396,HMVBXAAFJ
6761397,ZIKWSNUNE
6761398,CQAQAHEJX
6761399,HBCWBKJWF
6761400,NREPNXKRB
6761401,QIBMFLNSZ
6761402,TARRNSBYQ
6761403,YRXDYTNUP
6761404,UYOBNUYCQ
6761405,LBFBTPFWL
6761406,QNKOKXUIW
6761407,HOYSWEARF
6761408,UZNYPWFRE
6761409,NQAOZQUYS
6761410,ASKXEBQKR
6761411,ITNPMHJKC
6761412,DQEVHTMKQ
6761413,GLYNIAJLU
6761414,SRCKPFAHY
6761415,RUGEHCFDV
6761416,PICLGDCSJ
6761417,RZXPYVGRI
6761418,GEZOICHJC
6761419,IEZNPVKNG
6761420,INPGZGNQZ
6761421,HLVLRVNCO
6761422,OAVMVEVDE
6761423,HSAWYOEER
6761424,DRGGNHLUW
6761425,LBVRQETZI
6761426,TQDWBXZBZ
6761427,CMXPYBBXV
6761428,UKBPSSJTN
6761429,VWDQCPNWP
6761430,ASYFYQDWM
6761431,DDMIXHNPP
6761432,DRJESLMSP
6761433,OHHGVPKZR
6761434,EUBZPDBTK
6761435,MFCTAXYYD
6761436,SUJYZSIYQ
6761437,STYOCDFKU
6761438,SOIZGYFPT
6761439,OAWLRDEML
6761440,KCBQBFEQX
6761441,XFHDTAIJP
6761442,WJHRXBUWV
6761443,FYPSAQBGK
6761444,LJJPPCEYI
6761445,AQHTHRLEX
6761446,MMGEBGOGQ
6761447,FZUQVOZGJ
6761448,VANJQLPPE
6761449,MRNOHZMMN
6761450,PJEDCSPFC
6761451,SYQAVBLAM
6761452,WKMJCHEWR
6761453,XRPYZZQGI
6761454,ZHKRFKPBK
6761455,QNNXAXGVO
6761456,QDZSQFAQE
6761457,PROHRLRKG
6761458,YLHISCAIC
6761459,LQVTXTDIR
6761460,XYAEYYQVB
6761461,HDGZVMWAP
6761462,ACJTYCQXW
6761463,HCQHEQMIU
6761464,ZAVTNHKJV
6761465,AZJYTPCNV
6761466,ZJKVZROHN
6761467,PVGCJVSCT
6761468,RAYFEPHRP
6761469,FWPNZUSPS
6761470,RIWLEOMYU
6761471,HQLADKUQD
6761472,BIIHHNUHR
6761473,NHAPDEAFJ
6761474,DEPWSAYWX
6761475,VYGGPTWMS
6761476,CMTXPGGVX
6761477,XLFQBUCTS
6761478,RZNWLICRZ
6761479,KGJJDDZDR
6761480,RVRYMMFUW
6761481,SZUCBDERP
6761482,JQXNGMJZI
6761483,PCBKIQQCX
6761484,GKZGLAGIF
6761485,UMSAOBDMN
6761486,ZZAPVNMXR
6761487,BOHQNUIOX
6761488,SKRFLIYKK
6761489,XBDKMWLNV
6761490,JRAKGQTNV
6761491,QLUUVDTDI
6761492,ZQMZXORVG
6761493,FATFXDECP
6761494,UFEZMKGWZ
6761495,ARHZPRWHV
6761496,HWZASSRZW
6761497,ZZQTUAVBH
6761498,WQUDJECZX
6761499,QTZOOVMTZ
6761500,BPWLPSVFZ
6761501,OYUGMTWBG
6761502,OBIUDRGTL
6761503,QICBXCXKJ
6761504,MVKIXVDLN
6761505,WYYVEUFFV
6761506,VULHGJFVI
6761507,KHKGVNVNP
6761508,WWCUFNJPD
6761509,TODBQWNBP
6761510,BYLSEDOYQ
6761511,LIHGOFBOO
6761512,KESXENEYX
6761513,NBUZERYWO
6761514,ECLCRLPVG
6761515,DVCETTFHW
6761516,ERZYXUOAU
6761517,XVXQYUFAX
6761518,AWPUJKTHI
6761519,EYLKDVWUD
6761520,GXHPSKSKG
6761521,BGFKXUXUC
6761522,KRFAQUMRJ
6761523,HAPRNAUUH
6761524,EWFZQVVFU
6761525,SPCEBKKDP
6761526,RHWLZPLRU
6761527,CIDJDWUUZ
6761528,ETOCSSXQD
6761529,SUWRZSTVU
6761530,EBLRVVOZC
6761531,HLEKKWDZV
6761532,LWEMHVQRB
6761533,SRTOGVTCU
6761534,ROIWCTKOX
6761535,SSELSWUDB
6761536,TKWRKROUB
6761537,OASXGYECK
6761538,IKXPFPMTY
6761539,IUOQOWIFW
6761540,LWBFLRJIE
6761541,YGQUGFDDY
6761542,NZHWEYGDT
6761543,YBQYYBZCP
6761544,NTIRLQTOY
6761545,QJSXQAIBE
6761546,PVFWJUQLQ
6761547,ZXYXKGTRZ
6761548,OMCKKIEQY
6761549,HJNYWLVLA
6761550,BDZMIHHKU
6761551,YGBUCQYMW
6761552,PLFFKHJHJ
6761553,PBDFWNWNB
6761554,EGTYGMPZX
6761555,GIITPHIPS
6761556,CAZOILGSS
6761557,BEPIRXPRA
6761558,ZJYUZYECC
6761559,MTBRRQRLR
6761560,FXEMSATMU
6761561,RUDBFAVYE
6761562,GWVOKEZRP
6761563,ZJBDZLVJN
6761564,ZESXUXYNF
6761565,LLJFVPLMO
6761566,ASYFEQIBG
6761567,RWHCPLHDU
6761568,IOPHNAMGF
6761569,QPDOVFBKQ
6761570,DNSFRVPYO
6761571,DXHHZNRIV
6761572,DZMEGVARY
6761573,LUZWWFZFL
6761574,ZNUKPUXCT
6761575,VLLBDZNKP
6761576,LGFZJDUWB
6761577,ZHXMDIPTU
6761578,MWMMPLWIA
6761579,JJLCTWZTP
6761580,RCBELXNFN
6761581,SXRRLJQMR
6761582,CXODHVGEM
6761583,TCLSBYCWD
6761584,JMBTTOBLT
6761585,KARDTWMYB
6761586,MGJVNQATX
6761587,OXKLNOOVQ
6761588,CWXGNBQIT
6761589,AWMSHCKXZ
6761590,TBJYMBRFY
6761591,KXZWIESYX
6761592,QVMIRILCH
6761593,BORBDRGVB
6761594,HTTFMYVPR
6761595,DASPDQNZZ
6761596,ASJOPAOCA
6761597,NHMNLHGKM
6761598,LRFZJKQAK
6761599,HERYIRBWJ
6761600,QWMYVPQFZ
6761601,NLYKGBPIH
6761602,KFWLQGXCT
6761603,MYBISXFZA
6761604,RHZDBCSDX
6761605,RVFEGYEZK
6761606,UNSRRCXVI
6761607,VZSDKKNCV
6761608,ROHZPXXRE
6761609,AWPYACZCK
6761610,XLEMXPAAU
6761611,DNPTNOBSD
6761612,RNCMFDPDE
6761613,JCPTSTXHY
6761614,XGWWGIGJR
6761615,BYWNVAGDM
6761616,KKERCYNYP
6761617,JBVXAUKEF
6761618,UAMQRYNGU
6761619,ZFCSDLJVS
6761620,KVKWMXLFR
6761621,XJNOGSJLD
6761622,PKGDCKQCT
6761623,MUFQBIQNX
6761624,FZTLXIQMD
6761625,EOHSIBSPA
6761626,NZSFBHVTS
6761627,SAOBEIPCI
6761628,GLZBQAYDP
6761629,BVVFTKKEJ
6761630,HYQZDPAQM
6761631,ULCHZHJED
6761632,BYXIZLUOR
6761633,KYOUDSDHJ
6761634,BXJZUYWWP
6761635,ICWEFCEYY
6761636,CMGOTCOBM
6761637,CMFABPOWM
6761638,CTDRXFCXW
6761639,YRXQCGDOR
6761640,DCXHNLLFM
6761641,IXUEEELNW
6761642,JKBLUPQQB
6761643,EJOXRHWBI
6761644,FAOJWQWYG
6761645,WJMFJORRA
6761646,MQANIORDM
6761647,RDOGSGLJI
6761648,DYSQULTUE
6761649,NNARAFVUR
6761650,JDACCRHSN
6761651,BZBNIIGSI
6761652,GZXGDHHIY
6761653,CTUQZMYYY
6761654,TULSJHBXJ
6761655,IAUNOMVPR
6761656,QHFRZNVDA
6761657,AOQPGXHUL
6761658,OTZEPYBQF
6761659,DHRVNZUBC
6761660,CJEEIXAFY
6761661,YHQDHMNLF
6761662,ZIYDNIGAP
6761663,VVXWDUCHN
6761664,KPYMROWSD
6761665,UGJFZIXVF
6761666,ERQTPILXW
6761667,UQLDDLBAP
6761668,NYBZRVEVK
6761669,HPAXFEAIR
6761670,IKSPRRFRK
6761671,SEFCEECIA
6761672,JIMKHWNPR
6761673,HJNBZWWOH
6761674,PGWUXJUSM
6761675,UOIIVVNJP
6761676,ZPGCGDCXM
6761677,CEKFLOMCE
6761678,SBBISEKRG
6761679,ROUYNGFJK
6761680,OOEEXLJMV
6761681,UVIITZPEY
6761682,NJPVJEXUX
6761683,OSOAPEKXQ
6761684,PRCLGODHY
6761685,UMGFDLOCJ
6761686,ZQKWHSESC
6761687,PWAGRCEIS
6761688,ODQIATDZJ
6761689,ZFDDDKGVZ
6761690,GPIUGXZXW
6761691,VOBUKWLPK
6761692,BKKBWIAXA
6761693,SSEANQRLQ
6761694,NYGLCLPSK
6761695,ZALTPLQXY
6761696,VXPXOKNRZ
6761697,FTWHLXVZA
6761698,QOQAVCMCN
6761699,RAIIABJAO
6761700,QXQKYTANR
6761701,JTPSXMTTM
6761702,QFCEQJHYC
6761703,EFRCDWMXG
6761704,DSXEBFNBR
6761705,HABKHBOCZ
6761706,JMEHBSNVF
6761707,PLUYPCVLU
6761708,RMUGRTJRU
6761709,NIARREZGM
6761710,FOLMBHTNG
6761711,ACUQNXUIV
6761712,ZYACLWLZP
6761713,EHIUSLDUK
6761714,XYNDRQZIO
6761715,SAZTOGBCZ
6761716,DRUQNRNPH
6761717,ZGFAWIYOK
6761718,VMYHYATEH
6761719,DVNXQMNAI
6761720,SEUCSDHYS
6761721,CSHCIQYCI
6761722,OGVEHMEPR
6761723,EVYBZHMUA
6761724,DGQKBXVNC
6761725,PLDVRDOSW
6761726,YDJOYSRAX
6761727,JOSDJBQTO
6761728,XCCGTXIOK
6761729,COLNCWKXU
6761730,XICNNPGST
6761731,PCPZNMQEU
6761732,OIUMQDSOR
6761733,XYZSAOCLV
6761734,JSOKBUIDC
6761735,MINUKOMBE
6761736,EDEDAHYFS
6761737,IYCTEVPMV
6761738,YTWZRSFDU
6761739,HQPWOTHIK
6761740,TJWNJCLKV
6761741,DOPEUHMEB
6761742,IATSACEQI
6761743,MHLDYBCZH
6761744,PJACSPEBZ
6761745,RUHGYFJPF
6761746,WBZHEHRBF
6761747,PABAPOCRL
6761748,RKQHLAYLI
6761749,ZGKJACGDD
6761750,WSYVNGBWF
6761751,VQBTMCDFZ
6761752,LPHLSMNEI
6761753,MPMYSKNBK
6761754,ABDAQWGGK
6761755,YBIUIFIXP
6761756,MUDJUTGAT
6761757,MVIRDOQKG
6761758,PGLWSSMGN
6761759,NOCKAUORJ
6761760,NNZWQWTRB
6761761,XZFOLBAGW
6761762,OQWRRKVSB
6761763,LDVWCYAHY
6761764,BWTRTDQGA
6761765,UVYYDQQFR
6761766,IMJHCNZQA
6761767,VLWSYSVTA
6761768,QDVJTNZPS
6761769,NEGFXXXCR
6761770,CNXJPMOED
6761771,ZSOXFNTKW
6761772,JGUPBJLHC
6761773,BDLTOVRGB
6761774,ATWBBWNQH
6761775,GZLXIZOXW
6761776,YQSAENGRO
6761777,TFQFCMJEB
6761778,BCKRRJPKR
6761779,CBRIDQTWZ
6761780,UXMHOWPJC
6761781,MCLWUWNOX
6761782,FBUVBPLJN
6761783,XILTGCTGD
6761784,YXSCFJWFR
6761785,KZRSIKGHH
6761786,XNZLNROMK
6761787,METXXHRLQ
6761788,PWAJUKRDK
6761789,UJAPNRJNK
6761790,HZTEEDNHT
6761791,ALYSHBHQI
6761792,BALGLDADU
6761793,PDCUTFFKE
6761794,JSRCKRWYB
6761795,MCZJFWTKC
6761796,BLLVOZSQV
6761797,AIHKGTQDZ
6761798,GGBXOXMXB
6761799,TGTNFRTTN
6761800,PPNVSFGFI
6761801,UNIODSAQX
6761802,WGUFBPPJL
6761803,KOJHVTDJW
6761804,FELMEUMQF
6761805,CSPLQDNXX
6761806,BHKDGWZQB
6761807,PXMWUQNGP
6761808,OHSVDNZYT
6761809,XSBPRTFPR
6761810,LVDTXRQIF
6761811,LAEZJUQRF
6761812,KNJFTJXGR
6761813,YGPCZRDYX
6761814,SOPAJNKYT
6761815,LUPTJAZSZ
6761816,PUWEGJMEH
6761817,IRVGDUABE
6761818,GDAOKCITX
6761819,JHITXMBWS
6761820,HUHDJGVZK
6761821,QGSFRPDVO
6761822,PJBDMYUSG
6761823,QPOYFPDIG
6761824,JGFVFNFCM
6761825,ZVRBPHXTD
6761826,WASUURVKH
6761827,MBYRHAEMR
6761828,NGKDCAAIF
6761829,THUZFNJBN
6761830,PEVQCUFGD
6761831,UERTZXIPT
6761832,MIKBUDAWG
6761833,PKUALAYYT
6761834,WGPVTDJEL
6761835,KUKMTOHRX
6761836,TXEMEAIGD
6761837,STVZUIQBQ
6761838,YFPCNYGTX
6761839,JCPCSQSLT
6761840,HYRQVUDEA
6761841,ATYGXZVUM
6761842,PHNJYUKUF
6761843,URQOBFRUZ
6761844,BWEVDVDXG
6761845,VCFXFPPWD
6761846,AJDICGPBL
6761847,QIETUTWMV
6761848,TVSLCKLDQ
6761849,MHLEFPWZB
6761850,TWFBGEKSL
6761851,LIIZWLXUW
6761852,FDTPXEWOU
6761853,BNRXOXQMU
6761854,HMGXAXPZJ
6761855,SCFHVEJZN
6761856,JKBYYOREW
6761857,EZQPZTISB
6761858,EDEUHKYUU
6761859,ZOXHWCYIW
6761860,LVDYAYCVT
6761861,KRGAHTYPK
6761862,PPZJUFQUH
6761863,CRFHVRQLO
6761864,PMSRNPVRO
6761865,KKVOBKLNP
6761866,EOFUNTNVK
6761867,BMTIPDYPF
6761868,ECKXELGVT
6761869,AULRKBHBQ
6761870,XCFNAGGMC
6761871,OZMMXLGFW
6761872,MFHLERLLU
6761873,WBMYKNVMM
6761874,RZMWRSIIN
6761875,LYSRNYJEB
6761876,VUKVRATAN
6761877,KJBQFWXHT
6761878,GGFRFFAQP
6761879,DHFIRFBLS
6761880,HDTQYTTWQ
6761881,TBJTFJNEM
6761882,TYLGLXHQB
6761883,ALJNGEBQR
6761884,OCODGVSFY
6761885,GLZBAASEK
6761886,VRVDWGUYK
6761887,ZKOYUPHVK
6761888,QCYODJGYS
6761889,JILQZZKEI
6761890,POKUTNKSM
6761891,GXRZENWAC
6761892,AABCNCDDP
6761893,XFZIDCUGK
6761894,NVZAPDLDI
6761895,AUZYBYZRC
6761896,NGMGHEFDX
6761897,RAXZUJSKO
6761898,OWUQYZCKV
6761899,SAZRUKSFU
6761900,FQSCEDSTZ
6761901,OLBTGSPHP
6761902,HILYDCBHF
6761903,USEKTIBNP
6761904,AHCLGGEJZ
6761905,XYAFPHYJD
6761906,KUZDELFHN
6761907,ANMNUMLMH
6761908,XHBHWYNNR
6761909,EXZNKIQMW
6761910,QDHFZQBDP
6761911,PKNVFAVPX
6761912,CEGQIPMXJ
6761913,KTFHAUSCX
6761914,JYYJEUSJH
6761915,COASWTARI
6761916,OLCWVLCRR
6761917,PHWGQYFRL
6761918,WTZUJOJZG
6761919,DZUFLAMPC
6761920,MEVGACYHY
6761921,OCXFEEJSE
6761922,VHAVLSBPG
6761923,YQFBHFRKW
6761924,IFBOGWRAD
6761925,RMCBRJNBM
6761926,ZWKEBRQOT
6761927,RGIOBIMDG
6761928,VGQLZFZLB
6761929,UMRFKBKPM
6761930,AQRMTOLWX
6761931,YYWVXCFWN
6761932,RXLBOENLZ
6761933,GSYKKTUYK
6761934,IGQKHUUAX
6761935,JTCHKQRAK
6761936,NWMXHEMEM
6761937,QGDABMBBE
6761938,RPKXHVOKL
6761939,RUFUUGUVT
6761940,LPRULAOKY
6761941,CFKPVMRYN
6761942,HKFGFCDRY
6761943,LVMVQUDAA
6761944,HLBSPZESN
6761945,JXWTTBVMJ
6761946,LADHYWRSE
6761947,RFSPNIHXD
6761948,EZLYBKIIF
6761949,BYVTEKBOC
6761950,MIXEXYKYD
6761951,FISFVZRIW
6761952,YWNUKJSHF
6761953,UPWIQUZEJ
6761954,NLIMCNCTZ
6761955,QYDOXEDIB
6761956,WKXDSMYLD
6761957,KWXFXWEKR
6761958,MIAYVHBZT
6761959,YZKAWLMMT
6761960,MTTVGRIHL
6761961,GEMBDKIND
6761962,SGISHIPFQ
6761963,HWXEZKPKQ
6761964,JTNWPEUMP
6761965,FPCTIUWYR
6761966,HBNTHWZDL
6761967,QIDQITBSW
6761968,SPDDBBEJZ
6761969,RLDYTZCZB
6761970,YQCTTYASX
6761971,UTGFUAZEK
6761972,KULYBEOTG
6761973,RXKRDELFC
6761974,ULTNHBBSN
6761975,EQNDXJNIQ
6761976,YEJZTSRYN
6761977,XLERMYRKM
6761978,SXNGHLMYT
6761979,OFPUKWFQX
6761980,YZYGMRVVP
6761981,QFQLIDXJY
6761982,SEHVYTEUA
6761983,VJCSWIBHM
6761984,QBUMKMEIE
6761985,YABSUVBQU
6761986,AMNXZMOAC
6761987,KWYSKFBKO
6761988,TFNUULTKU
6761989,LZHFXBPVS
6761990,YLHSRMIIG
6761991,BJKZYZVAM
6761992,LZXYGNVPO
6761993,FGADLGBCM
6761994,CBBLGXFEO
6761995,PGLVXFJIP
6761996,ZWVXEELVA
6761997,ROSLBFTZQ
6761998,CGWQCNDWV
6761999,UZPTYINRM
6762000,AENEVFJIK
6762001,BGVIQXCMP
6762002,JJLQJZICA
6762003,PCPJZRBEL
6762004,VQTWUWJVO
6762005,YJJORICRM
6762006,ISXBOPOPZ
6762007,VZWHPFFIT
6762008,HWHLWLPNY
6762009,NHQDZBMEA
6762010,POZMAQHLG
6762011,XKBANHNQT
6762012,TGTMKVWDB
6762013,YXFVUSOMM
6762014,ZWWVALFOW
6762015,YHGHCCUTR
6762016,ETDOYAASI
6762017,BMDMCJPRU
6762018,EUFCNUNCL
6762019,IYUDTRTYU
6762020,SQSZUDRJT
6762021,BAGLQQFPU
6762022,NKGJDKPYU
6762023,BMSNBDFGR
6762024,IXETRHEUY
6762025,VJFJXBASL
6762026,DJUYFTVAV
6762027,HLCQGAFJZ
6762028,DPPDLLLWY
6762029,UBOGGZOTJ
6762030,VQTQRYOKJ
6762031,QGZOZMCJC
6762032,TYFWBWLQB
6762033,XCEQKGFQI
6762034,PAKHVYOMG
6762035,LSLQVUVGQ
6762036,KHBWKDAHS
6762037,QUJKSJQFM
6762038,HYACETXTR
6762039,ARHXLPYLU
6762040,OYWXXCZJL
6762041,QJTXAWVWQ
6762042,JRMBNIRGX
6762043,HFSWNJBRM
6762044,DVDNPCZCJ
6762045,SVIZGTRTN
6762046,PYLZSGSKC
6762047,KFVWRPZHM
6762048,PHMTIAMYW
6762049,PFKCGYIXK
6762050,JBMKTRQZB
6762051,HBDKFNFEJ
6762052,WBLADEVJD
6762053,FEJQSMPBN
6762054,EHVIAWOYK
6762055,PBDMFDNVS
6762056,SOPKNHPWZ
6762057,WXWIKIGUQ
6762058,XWYKIBAHM
6762059,IYVOYRPAI
6762060,YJSBXBMZO
6762061,PINNSOYQM
6762062,BGFLDFYSQ
6762063,XHPGKUAOP
6762064,QLJVYBRBU
6762065,YTKBVRKOF
6762066,ZAHHMHZNR
6762067,GFRQNVUME
6762068,QLXCIVGAK
6762069,TJGYCPZOF
6762070,WXHBKXXCW
6762071,SUUKKWQXX
6762072,XWYZUCWFJ
6762073,OJZZYXFCQ
6762074,RLDNZKGUB
6762075,UWJEPYEOY
6762076,URBAYOYLY
6762077,DDZFMQJID
6762078,PYLSTAKXJ
6762079,NNNTKNRFT
6762080,DSMNHOLQL
6762081,IUNZHUPMV
6762082,QADOYKVWN
6762083,EZACLZUOL
6762084,TXVIGHWCO
6762085,VPDLAHOEJ
6762086,LWGWHJRIL
6762087,BZYHWUKYU
6762088,EYYLGJQGX
6762089,COLTAOJKX
6762090,DQRDMRNLS
6762091,CBPFKCXYY
6762092,TAVKAFLZY
6762093,ZOIGDNOYN
6762094,IAGZEBBGT
6762095,VMXGSRTFX
6762096,UNHQMKBSI
6762097,MEGAZUDTG
6762098,AVBHQSPTN
6762099,HIJVMONGP
6762100,YSLBSLFJM
6762101,LIRLXDWKE
6762102,MCQJVDQEV
6762103,NBUNGOQQP
6762104,CQRVRJXXY
6762105,FIFONGCAV
6762106,ODXSHSKJQ
6762107,BIHCSRSHD
6762108,EKNBERQVW
6762109,YWRNULNHE
6762110,HCSFQARJG
6762111,OQYUUUHCA
6762112,TDABONZRT
6762113,LZULJYTLB
6762114,JQVFBFTNF
6762115,DNMFEUPJS
6762116,DZUFTGPCX
6762117,UJOYPPKCS
6762118,KYDPRMKBC
6762119,PAOCSZCWO
6762120,UJOXMJQFX
6762121,ILKGXAFIX
6762122,GHGFNBIGY
6762123,OBYYXHXNO
6762124,XIZQAAHQZ
6762125,VIDHZGAGM
6762126,YORCYFEAY
6762127,JFSHFCYIV
6762128,OWDKPNRBH
6762129,FISWBPJFZ
6762130,PWLPFXMTW
6762131,OQGERIEWT
6762132,QXFGYZFPK
6762133,OBXGTHRRZ
6762134,LYHHMFDIR
6762135,XLFTZZQNN
6762136,BVFRGOFSE
6762137,FTWXGNGBX
6762138,XZRQPTWNV
6762139,HTFJMHTWL
6762140,TVTFFDCKT
6762141,DCYGTUOWY
6762142,GCHZZTXQL
6762143,LXQHPMUGE
6762144,DKZTWZAJR
6762145,GBFPHTAIF
6762146,IPSSHIRRK
6762147,TXSTUOSTS
6762148,FRGAVDMEE
6762149,BMDJEIUVM
6762150,YFZTEGNUJ
6762151,ZKPTEVGTP
6762152,LURHCWUBQ
6762153,LOEPMSYNF
6762154,ICXPCXSFF
6762155,JPLBDIBNA
6762156,YWDEBUNBT
6762157,FFOATVLHT
6762158,SNXATCMDZ
6762159,QAENGFHAW
6762160,LJJVXMXRW
6762161,RZCIANGJE
6762162,TCYRADPCT
6762163,LGEHFFTVU
6762164,IDUXILHMT
6762165,ESEUQXZSF
6762166,EPIGIAHIP
6762167,RFUCRCSEG
6762168,MXNDNFNCA
6762169,NTITFBATW
6762170,GDXDFCZHS
6762171,FVZOAGPDS
6762172,VPFOQGIZQ
6762173,OSXOERZRG
6762174,MKAZVPKFF
6762175,PJDTCCUND
6762176,LIJDASLUQ
6762177,VMJTMFPKJ
6762178,DNDFKOLPN
6762179,LRGKGZHDT
6762180,BTBEGDUWV
6762181,DZXZGLGFE
6762182,QMADEBLKV
6762183,EAVENRTOJ
6762184,ARJVWLDPC
6762185,MTBOUUVEO
6762186,RFHKEMNKP
6762187,FXNXDBGPX
6762188,IRVLSDUHX
6762189,JHHPIWHYJ
6762190,GZNHEQPCI
6762191,MTATWYHNZ
6762192,ZQVWALCKG
6762193,LZMEBYZZU
6762194,TFDOXYVTV
6762195,OYIRHXVVD
6762196,OLRBBAGUE
6762197,XGYWISEVG
6762198,KZESNCORB
6762199,QRGIEWVIR
6762200,TSZXLWGCD
6762201,HSPPVHSUM
6762202,JWKBFWXBP
6762203,MBYWACRLY
6762204,LHEJKHPQD
6762205,YDYXVFPKS
6762206,GCYAMCDRA
6762207,MEUHCMZHX
6762208,GBUUVCRUH
6762209,PETGQOOWC
6762210,ZHWQAKCYH
6762211,TAGWOUSOJ
6762212,JPGSLHYID
6762213,HZMZMIFJA
6762214,NEKMPQSKE
6762215,RIMGOVTOA
6762216,VIQYIBIIX
6762217,NFXXORJTM
6762218,YOPNHHOSS
6762219,QKFCLGCEX
6762220,LJTMGTGJP
6762221,RUQUYLPTZ
6762222,IPBECIFHQ
6762223,BZITWKXMF
6762224,PLEXCHRTB
6762225,BJAFQQGXI
6762226,RDBNAKWSH
6762227,FHNPPDBKI
6762228,OKIRGURNI
6762229,UNJJZYRFX
6762230,SDTPEFWPM
6762231,QEWYLRBDJ
6762232,AITAGRNIE
6762233,TXRHYIOND
6762234,QQWIRYDYP
6762235,XEJPNFQDF
6762236,HQOIVHNNE
6762237,EJKBPQEUQ
6762238,FIAXKPFVK
6762239,GMRUTEFLZ
6762240,ZPHLSWDJV
6762241,JFQPACNBI
6762242,FSRNCBXCV
6762243,SPQRLLALE
6762244,OLCWDPUCQ
6762245,MESHBWXYG
6762246,PKTUAWHKX
6762247,WNCJLXDQS
6762248,XLIWPQOKR
6762249,STUHLRVPM
6762250,ORIHQWTYF
6762251,QWEIKCLUI
6762252,UEICTGIVW
6762253,NBGRSTVRW
6762254,VYSVNBAJU
6762255,ZFSNAUINP
6762256,WOGOLRBJH
6762257,LFCOCAHFA
6762258,NOAGYBNUP
6762259,YJIDWWPDY
6762260,NVOQKMOXJ
6762261,TLYTOXORX
6762262,RWKTVSYGF
6762263,JLDBEFUJF
6762264,TJUOVWQYM
6762265,FDSOMUCYL
6762266,YCJEPHCQJ
6762267,PZDSKRTCL
6762268,LOFAQDELL
6762269,IZKQWINFT
6762270,HQYBNRMIX
6762271,QAQPRKDZR
6762272,VLWMAWYXD
6762273,ZLOPGNNJW
6762274,VOLFUWGLD
6762275,DXRMJLBEQ
6762276,LUNELUYFD
6762277,HHJCHNEBP
6762278,YULXGOAFY
6762279,CWWVWTCZK
6762280,TYISKZRNU
6762281,YGMJWOKUX
6762282,LMASTYSFH
6762283,SKCVSRZRL
6762284,BEBUXUDUY
6762285,JATZOQYXQ
6762286,WQKSADXQY
6762287,XJDRSDTRR
6762288,BOFUMGCMT
6762289,USPCEEYGE
6762290,QMZXZWUZX
6762291,OVQKKJKZV
6762292,YAFAGZCDU
6762293,JOTHTQKLM
6762294,UNFGQJKQZ
6762295,TWSANMSKW
6762296,DKJEYEOWI
6762297,ZVRUHBEYZ
6762298,OLZILPLHA
6762299,JMPNSSSLS
6762300,FHMJHCENS
6762301,VQBEGAYCS
6762302,LVBFMNHBP
6762303,KRSBJPTOB
6762304,IXDCYXQHN
6762305,UQMQNICYZ
6762306,TJLQHIJMG
6762307,LPTSMNATC
6762308,AYFZBTOJW
6762309,ICUMZCCLA
6762310,DGOOQDERM
6762311,CLXJAZSSF
6762312,KNNHDSOTO
6762313,VEYIBSXNC
6762314,IJRIQLQLF
6762315,TJHKTAYUO
6762316,DHUUOQFGV
6762317,BVRJMSQEQ
6762318,ONNVBNJCX
6762319,LLJJYLDDC
6762320,BHHNJXEOB
6762321,DJIMKOPVK
6762322,IPULGMPOG
6762323,CCFDOSDVM
6762324,AQGZLCGWC
6762325,OOSAEIQLP
6762326,KGZRLASND
6762327,TYIDGKRPA
6762328,QHRIUOROL
6762329,DTOATCRGN
6762330,JQYUKWQYF
6762331,TLOBUNBYG
6762332,FGMANKCSI
6762333,BRWGBUSLJ
6762334,YQDLZRMRJ
6762335,MMRLXACTJ
6762336,BRIPDGSNU
6762337,BKYFOOQKT
6762338,YJELOFNHZ
6762339,DFMKCZSMH
6762340,BGTJAGUWM
6762341,UYJYPOYGH
6762342,ITNENJIWF
6762343,JBNXZAIEW
6762344,ZKBOHRWMK
6762345,GRXLGGXWR
6762346,TXGZSLQVY
6762347,CSUCZJCIO
6762348,XKPSBQZID
6762349,NQOQQAHXE
6762350,KYSXDNKFQ
6762351,JFCKRZYEP
6762352,LFOFWRXBL
6762353,OZYZEFMIS
6762354,JHTAWKBNZ
6762355,EXZXYXPGK
6762356,RPGRSBFOB
6762357,BVQAZPUIR
6762358,TPSYBHKIH
6762359,VUYSNEMFQ
6762360,HYAAMGQYR
6762361,IFAJFUHCL
6762362,UKPISHKVJ
6762363,CIDTWAULX
6762364,TWVPEOFTJ
6762365,QAQZMWLQQ
6762366,SXADFGKGN
6762367,OPGCPBEML
6762368,FTFJMKRPE
6762369,YSLOEJCYW
6762370,LBTQCKAVE
6762371,DXUSWJGZC
6762372,DJWPGQTHB
6762373,GHVCUVKLR
6762374,FCRKGNGAR
6762375,HRPYWDVEB
6762376,FUWAJISYT
6762377,CVVXFCGGD
6762378,JTPOEDTET
6762379,HWLKBFSGC
6762380,PPKQETYYH
6762381,OUBDOSJOA
6762382,LFOFRIWBC
6762383,EQZAULQGI
6762384,AKXKUZASA
6762385,BUEUMLGID
6762386,UZZLEUZFR
6762387,WIGWSMNGT
6762388,KGKKJSZVK
6762389,TLOWJZGHE
6762390,DVSTBOJQD
6762391,CBBOERTIG
6762392,NRTFACHVQ
6762393,SXOEYMLMG
6762394,TMPOWREJM
6762395,AYPPGMRCJ
6762396,LGBNJLHUZ
6762397,FMHJTZHXJ
6762398,CIPFHJGAM
6762399,YVBAMTQHB
6762400,BETGVWBSB
6762401,OMBKDISIC
6762402,JSKMLZLYW
6762403,LOGNGGMRE
6762404,BKMBQBUDT
6762405,BXUXIWRAT
6762406,ZQZLYGRXB
6762407,XDUMXTQUK
6762408,YCZERBIWH
6762409,OOUEODJFB
6762410,HNKCEEGTM
6762411,CSRHYDSCO
6762412,STVDBRZSI
6762413,BURVWTBDN
6762414,LZUSWABJF
6762415,ORHEIUMIT
6762416,GSMHTTWDL
6762417,VKEBGMOMD
6762418,IOBBSHZRB
6762419,BHVMJTKWY
6762420,HHXJVXRGP
6762421,VQQQQTJXM
6762422,LZZWDSZFU
6762423,MFWIBQHWQ
6762424,EDDOSSVHE
6762425,LEOSBPOBU
6762426,IOQKTAJAR
6762427,XCGGKUEOC
6762428,ZGFFPYMJJ
6762429,YMXVCJWQB
6762430,XVXKIHMWD
6762431,QEWLYVNVP
6762432,LCGJTBENF
6762433,SSREHMSJR
6762434,QKTUTTUEM
6762435,CNWLZWTVJ
6762436,XHNQGMKTJ
6762437,PSFANOVMW
6762438,CSWEDUWVP
6762439,VTZDVSPAQ
6762440,MAZPYPOKJ
6762441,MVTZHSRYJ
6762442,LHSWLVCSS
6762443,PAZWJAIDY
6762444,SQPPFJZUL
6762445,WVDRGMVVW
6762446,TPIKFNUEM
6762447,FTHJXQEVX
6762448,NEITYJBOF
6762449,ZIHKLBJZX
6762450,NCHRFMZVS
6762451,GMOQOIDYB
6762452,OPTIHCGQN
6762453,XRPHDPHAR
6762454,QNCLDYJLR
6762455,BLCBPIRTU
6762456,EJKTTYSNN
6762457,MYLNNADKN
6762458,PPZIEWCKT
6762459,PZQQVCKTJ
6762460,DNAPXJZVT
6762461,QKJOTUKGE
6762462,CGWJPBHIQ
6762463,PKQRSLUSL
6762464,ACGLYRLVO
6762465,TJICWTAZC
6762466,HRENVYACA
6762467,DHFABSLTN
6762468,LGUAWGQHD
6762469,IDMTTQRSH
6762470,NSXPEJKWC
6762471,YIUECOOPO
6762472,NITNWIRKS
6762473,JTSRCQNNY
6762474,ENFWAYXKZ
6762475,AXNVZBNPL
6762476,AAOWLROCU
6762477,RRLNVTECD
6762478,PSVCRNWSJ
6762479,DTZJXACOW
6762480,TTOPEWRFZ
6762481,MNHDNTJPF
6762482,DISMTLQFX
6762483,UEPYHBYUQ
6762484,EXIAAHZTT
6762485,VLKMFQJKL
6762486,PCOQSIYPX
6762487,ALLJOZJQI
6762488,WKPDWTLPP
6762489,BXIUWOCBV
6762490,CXLBDHDWJ
6762491,TFEDCTHQT
6762492,KTVKXKRFF
6762493,NATJFKVIB
6762494,KRBHHVNBF
6762495,TNNKVUIJF
6762496,YRKLZYYRA
6762497,OQZZDXJQW
6762498,YGEGLTHNP
6762499,XUKPIKOPD
6762500,FRGYXBCAC
6762501,MSQGACXNR
6762502,DIGAAJKKF
6762503,QBEUSNBMO
6762504,FACTDCSGD
6762505,MHYLBGQNW
6762506,FOKPALAGS
6762507,FGMJFQGKF
6762508,ZJMJEZVOP
6762509,ZGUWKDXNM
6762510,OQXVBRDRX
6762511,CXCGSQTIY
6762512,DFCIHDJTD
6762513,ZFCLDFVIT
6762514,YKZWTEAJU
6762515,ANOXJINYX
6762516,JMGBNOVQR
6762517,YNCBFZMUM
6762518,ZSRSJHGIE
6762519,TFAIKAUXE
6762520,SSCXLNSWV
6762521,PMSAGZVHF
6762522,YONETMFWH
6762523,QSXCIMHXK
6762524,YLXQSLLQG
6762525,TXGQZFHUY
6762526,PXNKPRJJY
6762527,UYZCACYYX
6762528,HAYAQSLOG
6762529,VEKPRVYUC
6762530,VTYZWEZMF
6762531,UUFBVKFSA
6762532,QJGCIQFBQ
6762533,GUPGQVSJX
6762534,XOJUJLUMJ
6762535,YLKHVUEXY
6762536,VMLELMZEX
6762537,RDSCERZRG
6762538,AFACSGASN
6762539,ADZLUJBAV
6762540,ZCQDXEJOK
6762541,ZGSZSJPDB
6762542,IRWTOSBOV
6762543,YKHPAQUDW
6762544,KVNWCBJBF
6762545,PFWCHYBSV
6762546,RJLPYIUKI
6762547,WKKLZGZYC
6762548,EJLWDWJNP
6762549,BEDTPCFCH
6762550,WKOLSQBCA
6762551,IQEPNASKY
6762552,YLNHYIIMY
6762553,YSZMOTRLD
6762554,NCFEDCRBI
6762555,QFNNQVCGQ
6762556,JLDLPTPFR
6762557,RGWBDFAWI
6762558,WJYDAQRJP
6762559,HMVVGNDIV
6762560,NAQHLTPMA
6762561,JQUUYDZWJ
6762562,MVHQZNMGJ
6762563,ERLVUOTOF
6762564,TLMSZGRSD
6762565,HZBSMAWAS
6762566,RXIGAWQFW
6762567,XLFYWZIUY
6762568,NTJMUYEFF
6762569,RCBJPRRLU
6762570,QDGQLLQSG
6762571,PNXDGUVBF
6762572,QEAZDWDXX
6762573,DNQFVPMIK
6762574,JRAZBWJCV
6762575,UAWUQKSFF
6762576,TCVMFEMRH
6762577,OCIFWXNMS
6762578,KNJKFYLNF
6762579,SAAAGYRDM
6762580,IJSWVXGLW
6762581,QJJYLRVXU
6762582,RFCAMXGCR
6762583,DNCCDETLW
6762584,RENUNXOVO
6762585,UQBOWRMQL
6762586,PBEGMAPOX
6762587,VAPHKBJCF
6762588,NCJFLHSCN
6762589,GZHRPBLCO
6762590,VJHTTONBC
6762591,ULDKDAJAI
6762592,GBLERZOTM
6762593,TXVJOAKLH
6762594,WCXBLAZOQ
6762595,JSQZCCXBO
6762596,AEMLNEQAA
6762597,EXXXTMXTM
6762598,TLNLMUMVU
6762599,BOHLRIXSW
6762600,CJNOKYITA
6762601,FOCLSOLGK
6762602,IMOVXBILV
6762603,PDSEFIXYQ
6762604,HILWLGCYO
6762605,ZZNONMRZT
6762606,GHEIEDHDO
6762607,ACFLGOPYU
6762608,XHXYCIDHN
6762609,DTXOOKGFO
6762610,FPBEBWOIR
6762611,DIDZMHEUR
6762612,WJYWKGUWN
6762613,TVBCRHBLE
6762614,YVRAFCVTK
6762615,WVBYGRNIS
6762616,UTSGEGZER
6762617,PHXRLBBRR
6762618,HYALPEAFU
6762619,KAZLUCIJJ
6762620,GYKPOJCQY
6762621,TOEYFDVGU
6762622,ISKPMHFTW
6762623,OGBGDULQQ
6762624,LIUYBSZPD
6762625,SXBBEVGDE
6762626,BNPSLWJHD
6762627,VCJJJTVKU
6762628,PTGMSYXKA
6762629,YYVXNRUMS
6762630,FPESRUHLC
6762631,BDPPMYYRD
6762632,QEMHMJTWQ
6762633,YKGUCHWZE
6762634,KGKKGPWUH
6762635,EJCJRTBVX
6762636,ZDBMYQRGK
6762637,KVXRRXRST
6762638,NXPEMEZEX
6762639,IHQAJJQTH
6762640,XNWZKAUUL
6762641,AKTXFVUJS
6762642,KMTZAZMUH
6762643,HTVNXWXNC
6762644,ZPJJUIYSY
6762645,OBUWPKXOX
6762646,UINFJOONH
6762647,BGTJHFPGT
6762648,YMLXFMVDX
6762649,IXUWAZXCE
6762650,EFJCQZMCB
6762651,JZPDYFYOA
6762652,OZOJCJAGT
6762653,CDCHURWVM
6762654,LXSMGDRLH
6762655,IKGWYPXAS
6762656,JLDBSWQKB
6762657,QDUJIYYCY
6762658,DXEXPZDXH
6762659,SCGBLITTK
6762660,KFVMFBMMX
6762661,NTHMGWUYS
6762662,KHLJGAQFD
6762663,XEIJWNKLD
6762664,TYGBTFYQM
6762665,XOWBZHOXJ
6762666,BJXXUOSWB
6762667,SYANUCSJK
6762668,CUIHFPYYK
6762669,BHXWCWDKA
6762670,KBEIFDUGO
6762671,XHKUYYSSZ
6762672,VFMGDCIEM
6762673,RPHUEYAGJ
6762674,BVGKZLNMT
6762675,QIROLGWSD
6762676,QBSRODZUD
6762677,MQLRUJJUX
6762678,NDUMKLXHA
6762679,UHLXLOFGY
6762680,CMVORTNYM
6762681,EANZURNRT
6762682,AENLLVGXC
6762683,VGMZROALW
6762684,IRJVVIIMU
6762685,PMTARINZB
6762686,XRFGTPKTL
6762687,IFBTVFUJO
6762688,CPBLYKKNE
6762689,ERMYFRMJU
6762690,WIWSXLLWN
6762691,BKZQYEWJX
6762692,BWTRPLAHQ
6762693,RIWJJWZCG
6762694,SWPUSFEFC
6762695,LPVRFAOXQ
6762696,TOTCXQFSP
6762697,ELRVXKLTI
6762698,UQNEMSZPB
6762699,KAZRBVLTB
6762700,PLPVAEWUS
6762701,NDWOZXCLG
6762702,FKUDSURPG
6762703,AUWKYKQIY
6762704,YRIOTTYLX
6762705,OYMSIYANE
6762706,CLHHOLVWN
6762707,PVIBVBAXC
6762708,VIFBZRGWN
6762709,WZMSIVAHV
6762710,MNHYUBUYN
6762711,BFFVHFPQK
6762712,WHXWKZWKO
6762713,YCGNYXNPW
6762714,QBHDYWDVJ
6762715,KXLFDXZSF
6762716,XMYJWGCMF
6762717,IWONMFUCV
6762718,DBWKEQJAN
6762719,KXZOVAARK
6762720,RCQFZGOSI
6762721,YUCGJKIIK
6762722,RVQVDNMAC
6762723,DWEZYSYDW
6762724,KEGBWCBFK
6762725,ZOFFXHJRE
6762726,SGLMVKUNG
6762727,FSTALXZSW
6762728,VJWBPSROZ
6762729,HCOQPLZIM
6762730,DVCUWDSXW
6762731,YBISENCZN
6762732,UDSDZRCZF
6762733,EJLGYMSHN
6762734,UKOCBXQJK
6762735,LFMFDRSKR
6762736,UCALLJJZI
6762737,AKXYTDPBC
6762738,TSNMZZHVA
6762739,YDNOXQEUO
6762740,KBDRCUVCA
6762741,HMQVXWUEI
6762742,DJZBTBTSW
6762743,STIJUGPBL
6762744,IXFNSHEBY
6762745,QPOFGMMHW
6762746,NGJVFHHUJ
6762747,KZURZJRYC
6762748,NSFMDDHYA
6762749,QDZNCQLED
6762750,ANXUTLVVY
6762751,XILCKABBK
6762752,DKVMQESGP
6762753,LBHZJMUCI
6762754,SVKEIZMRN
6762755,FZEYNHMMY
6762756,NKJJBTLJK
6762757,BGCGXLTIG
6762758,EIYAVIAFG
6762759,IHDQSBXZI
6762760,JERYZEYDG
6762761,PVXXHUSLO
6762762,QTMRXKRGM
6762763,YDHVSEBUX
6762764,VQPDZSBOD
6762765,YUOFRQQEQ
6762766,IEOJAHYTW
6762767,BVFBVQUYI
6762768,FPNVFGLPN
6762769,MTRUBUGRM
6762770,VNOTIRDYB
6762771,GZKMBUPAW
6762772,KJDLCWHUW
6762773,IBECEZRLO
6762774,VSTYEVINX
6762775,XQLKVQZVQ
6762776,GSPBUYSZF
6762777,TVRSZQWPA
6762778,LVNVRDRMU
6762779,DXRMLUZXA
6762780,DVCECACFP
6762781,CTTTFXHBS
6762782,VCUPCOLOK
6762783,KQBTXEWIL
6762784,FBCTGLXCI
6762785,HJNAUDEGB
6762786,PHZLLQSAN
6762787,ZSZQAGXEA
6762788,DFLYMCQNP
6762789,IHAKKECOA
6762790,TQWDUEJPG
6762791,DUCRGIMXV
6762792,FZSUUHYJH
6762793,IZHJCUCTN
6762794,JJNIPSZZJ
6762795,IQSQOOCRL
6762796,YTNQBIRQZ
6762797,SJTCOZMIE
6762798,RZKBNZFSC
6762799,YYIEMVQRN
6762800,SNNCOBAAG
6762801,OKLBQJAFZ
6762802,LDHUEUAPN
6762803,XLQDRZGIH
6762804,JEAUJPGLR
6762805,ETEINXTNL
6762806,DGMZVFXLW
6762807,GNSMPKTFA
6762808,QONQIDNKT
6762809,NAPEDXLKS
6762810,COJWEEPRW
6762811,IGCKIRXZL
6762812,JPFQYRNLW
6762813,YOBLXEBBQ
6762814,NPOWAPBXJ
6762815,DOAOSAQJD
6762816,FQSTSGXQV
6762817,BJZOQYIOQ
6762818,TSAFONFBB
6762819,JCAVUYJEV
6762820,STVBFACBH
6762821,LEMAXYXPK
6762822,TLATMEOAG
6762823,QGROPZIUM
6762824,KRPBTXRAN
6762825,YQWRWHOCI
6762826,NONUAYJJP
6762827,VKFAENXAE
6762828,NXCCHSHVD
6762829,MRMQFZENP
6762830,VJFWKUOXN
6762831,DJVINEORU
6762832,VHPRGFGBF
6762833,PHJGDECFN
6762834,KWPLRQFEK
6762835,NNWNJFQLU
6762836,ZUPVIJASM
6762837,DLJRXLBTD
6762838,KLRDRDJBL
6762839,OEBWXZELF
6762840,FPOEEHFKQ
6762841,VMWGYHZLN
6762842,KCCDIYMNU
6762843,DOBHBVJDC
6762844,JMSUKOJWM
6762845,HNVYSHDNU
6762846,IVQQNPMNB
6762847,APRKUDFFE
6762848,FQEQURKZN
6762849,YXVBNFQNZ
6762850,FZHQNGVUQ
6762851,CSHREHQBH
6762852,VVMFMXIES
6762853,BILGNRCCC
6762854,GFOPZFIKO
6762855,IVOTWULMC
6762856,EHKHROKWT
6762857,QYWTCSASD
6762858,YXUMDQTUK
6762859,QAEJVKWPT
6762860,GIHJUVAFW
6762861,WECLOFYFH
6762862,SBPUMPDNM
6762863,CWZNFVIVY
6762864,WFQFDKWPR
6762865,VXGBXGXXZ
6762866,PCDVBKDIO
6762867,TPSOKTZJB
6762868,FNWOVRJUA
6762869,CICJIGHSP
6762870,URZTFIKNE
6762871,QRDZCGJOR
6762872,NQBSEXGEK
6762873,WQGDWLDJD
6762874,LJTZPBHDO
6762875,KTERNBJYC
6762876,VEXQLURQR
6762877,TVRXYDBZZ
6762878,JJOUWHAFM
6762879,KMILMYNPE
6762880,ILZUYAOHY
6762881,DOQRUIRWJ
6762882,GVFGZPCMH
6762883,KTTHTWFJK
6762884,KBABEVMKZ
6762885,ROVGXAZFT
6762886,ISHUTBWNY
6762887,VEHDPAIFZ
6762888,ICEFKAUJW
6762889,DASDYYTHO
6762890,PKFMSIEML
6762891,LIHUNQICC
6762892,JVRRFVJVQ
6762893,PLQMJACHI
6762894,QJXENBIJO
6762895,CULBOTCRS
6762896,GPRWASQPR
6762897,SACJFTJJT
6762898,HOJCLYUYE
6762899,NZRLCPFMJ
6762900,CFLTBARFY
6762901,BLZYKUSDS
6762902,FBEGMCAAG
6762903,YEJSBUHRN
6762904,CMTYUHSCX
6762905,XXQGFCVGO
6762906,HKFXLDQXK
6762907,TDMBMEIGL
6762908,PACEBOHWA
6762909,IYTTFYMNP
6762910,EXYFQCGRP
6762911,ADVSZBLFU
6762912,TRXXRJOFH
6762913,TQWKDBAOC
6762914,XUIGRDGLF
6762915,SDGBPRNHF
6762916,DYEOGRFJS
6762917,FDVEKSYTX
6762918,UGWMUAFFD
6762919,ZLOMPYDXW
6762920,RRZMYJRRJ
6762921,JJJHXOQAR
6762922,EXHIWSPNG
6762923,DTLAWNMJJ
6762924,WWVQRMLXN
6762925,UAXUBJBVF
6762926,AGPYXIYSP
6762927,IOSRRRTAZ
6762928,ITLKBQSUQ
6762929,ETPAVXADO
6762930,IBGOSCAVA
6762931,RUUIWGKSL
6762932,MPWOAYBKB
6762933,CTDEJLEGT
6762934,IITCMGYQX
6762935,FEKBOXDIR
6762936,VWNPDUKYT
6762937,PHLZIWTYU
6762938,ANKLXDKQY
6762939,VXTQNJTEM
6762940,PFGWUERCB
6762941,GJUQWOOJX
6762942,ZZCOJCVHF
6762943,VWQICNQJP
6762944,SXCPYXJZO
6762945,GCNHEVGYM
6762946,JWKENKSDS
6762947,YMAYPBKNA
6762948,FJGPIBVWM
6762949,FVAUUUYMS
6762950,RBAADMNMQ
6762951,PUVVZZSJR
6762952,NWAOQJMKG
6762953,CRSRJHHPQ
6762954,FFYSOINSV
6762955,BUSNWALUB
6762956,HUWAREWVN
6762957,KDUHDDWMI
6762958,WGFWXCMZV
6762959,UJKNOIYGQ
6762960,ZOXYDWAKT
6762961,FEJJOZEZY
6762962,ITJYKEKQS
6762963,PZDLODJVM
6762964,IVPASBOHG
6762965,PBQNHUQVR
6762966,IODEMSCTW
6762967,KEWBZGTVG
6762968,TATNCIQDT
6762969,XXNOLBAES
6762970,BDCCPOFVW
6762971,SSUMRVGFG
6762972,HUTQFKYWH
6762973,SVHTVVFUW
6762974,WCXHCXRNL
6762975,FPBDWSQSQ
6762976,QPCNMICQT
6762977,QMIXRDITY
6762978,NCIHMEBPV
6762979,NTKOWBYQR
6762980,EXWLPCSCK
6762981,KJDUKKAHL
6762982,MJBKHVBQD
6762983,BTBQYARLQ
6762984,OSJLIJOOL
6762985,DRZCIUOLT
6762986,NKURXRUTG
6762987,HUEBMQNSM
6762988,YLIHNLYYQ
6762989,YLVFKAKEB
6762990,MGHHQBNQG
6762991,UVSRXXXWL
6762992,ZRPWQIKEY
6762993,EOTAUGYEY
6762994,KINVJAEIE
6762995,OZAIBOZDJ
6762996,QHRCNFFME
6762997,BNTZKHXAJ
6762998,SHPIBHSJJ
6762999,DJXLOIGGC
6763000,YMAHHRGRZ
6763001,JUBVETERN
6763002,IVNHIZPRZ
6763003,YAIAEWZEF
6763004,ZVDUMNRBK
6763005,UOITHJRVT
6763006,LNMAJWTGL
6763007,TSLFYPMCQ
6763008,AELSGKSKJ
6763009,ZRBYIFJGN
6763010,NKETVVMKA
6763011,NWDEKBMRY
6763012,HCOCURMVJ
6763013,CBAKLYEJS
6763014,SZHSIJFNM
6763015,NJGZPLVTF
6763016,AATFRYVRX
6763017,CYEAGTLCK
6763018,BPJXCWZNE
6763019,OALBWJLYZ
6763020,VTUWPESPN
6763021,ZFHERXTFO
6763022,EJCKNACSV
6763023,SXBHCMAZT
6763024,NBFJAJUQX
6763025,HXYBHIIKO
6763026,TWBOGYRLQ
6763027,LLKTWRJOF
6763028,XMWDQWMNK
6763029,ZBMDGBHOF
6763030,HOHLFYWWF
6763031,OCVVIBGFI
6763032,BWGVLUJNL
6763033,JHVNHIGCM
6763034,VCEUFDKWL
6763035,DDJFZZSWT
6763036,UDTRYMKPY
6763037,VIRPDOGCD
6763038,HVJATNRKN
6763039,TMLPWXGFX
6763040,PHAAUXPJL
6763041,KBNLYPBDN
6763042,PKFAWARNX
6763043,ZUBCHGJNT
6763044,LSWCTHREJ
6763045,GRIDKMJZE
6763046,MQKKLIFHP
6763047,TDLJLWBLI
6763048,CWLOYQZVF
6763049,IAFHKSRHH
6763050,BEQHXHFTB
6763051,WHDRJFLUW
6763052,ILJVJRPPY
6763053,YNOSBZRVO
6763054,HIKDMVIGT
6763055,YXPEDJTWV
6763056,ZDNFQVUXD
6763057,YHUPTCPUE
6763058,KXQKVMJQQ
6763059,TNMPGNQSW
6763060,FUYOJIORA
6763061,WHRYWABJO
6763062,COYZPPAVN
6763063,MFHZNAWXX
6763064,KQSSIULMY
6763065,ZHWBGCYPG
6763066,MNSIAMIJK
6763067,VPQYMGCSL
6763068,RMPIPUSIU
6763069,QTYXKOXPX
6763070,EWIQTPJTR
6763071,PAKHCHGEA
6763072,GDNHAGTQK
6763073,TCYPBIXAR
6763074,YCIWIDCAO
6763075,KRPXNMUEG
6763076,QQTUWFLRW
6763077,MBNWBKGBQ
6763078,BZXCOXJIE
6763079,QKJJDOLKK
6763080,WWIYHIASD
6763081,MGUPQCJAW
6763082,AZWQGDGYE
6763083,JBZAZDFZN
6763084,XEIWQXOXO
6763085,DKMTZFYHA
6763086,EHWCDLBES
6763087,JWJNWSGIM
6763088,DXTUNLYSR
6763089,OSJBCSUBX
6763090,SDXMLNOVS
6763091,ERQBQPPYY
6763092,NLTTBFVGA
6763093,TYVSTONNQ
6763094,CRDMOGHQG
6763095,JUSWMUKJH
6763096,HMDALILVP
6763097,DTNBZWQQC
6763098,RAVZOMTHN
6763099,OGERLMDPC
6763100,UJZZBRAZY
6763101,MJMVCIKDU
6763102,SMUYHVAHV
6763103,JBZIIJVDX
6763104,BCJUFXQRX
6763105,APSMZMFVV
6763106,OWQHTCFLQ
6763107,LHPRHJBSL
6763108,PFTZWVBYR
6763109,MOWJUTMAP
6763110,EWHLSBMMJ
6763111,LBUIIBQWG
6763112,SOPHRIAKL
6763113,RDBIXACIO
6763114,YOQYGZZKI
6763115,HVFNGLAMQ
6763116,NLWEFVEIQ
6763117,BUPJQIFNR
6763118,WSBFPGHQQ
6763119,SRPKALVQF
6763120,YAUFQUOLF
6763121,EPJUDVWFM
6763122,EZKXDNGZQ
6763123,UWIZINRCM
6763124,JQIAYHISC
6763125,HYPPNSSAL
6763126,LKNJVTWSQ
6763127,BDYXRZWGW
6763128,MBKNQVDRY
6763129,XWNRXZWVF
6763130,IOMELXXWA
6763131,RAXGNWQAZ
6763132,SUJXFHOER
6763133,MWFSTQFYR
6763134,OSYCBPNNM
6763135,YAQHXWSOQ
6763136,XTQXARKVN
6763137,PGLBIVTQN
6763138,MJZTZFJAF
6763139,MKOVLETPC
6763140,JOGBZLZTG
6763141,CTVIJIUWX
6763142,CHMASKNPO
6763143,PBCWZNXCV
6763144,LNDSMAPDN
6763145,EJCAGRNXP
6763146,LLLIUNUSQ
6763147,QLLAZVGJE
6763148,BVGOZAGUG
6763149,GCZCRQCUI
6763150,QULEUPTAU
6763151,HHOKRPPPV
6763152,XNJRXKMMU
6763153,JDZHKYMZV
6763154,LQXZSCMFO
6763155,UJBXLSGBQ
6763156,QYFYVLMNU
6763157,GVEETKVYM
6763158,CLRRRDDCS
6763159,QLKIKXLEE
6763160,FZDMWEKBF
6763161,OXFCLLPRK
6763162,YWARHUMJV
6763163,OQWNCTRIC
6763164,TMBNVZMQY
6763165,EBMVTXZXR
6763166,YOSPCRWWY
6763167,PNXSUXKMH
6763168,WPEKPQKKS
6763169,UVHTADMWC
6763170,CXQOKQSAG
6763171,GZWBSCBCO
6763172,MHHSMBWWD
6763173,SIBZZFJEA
6763174,BNUVZFENR
6763175,ZBXXYYNNK
6763176,CHOTPIKJV
6763177,RUHEMYEKH
6763178,STKSWKXXU
6763179,EMHHCZSKC
6763180,XRQSCIPIL
6763181,ORLVGJOGP
6763182,VLHZKHNPX
6763183,WQZJFGGXA
6763184,GIJHGWEGC
6763185,LPUPLQTAV
6763186,GZKUMBUCZ
6763187,TVRJNOICX
6763188,OWJEMPXBK
6763189,DICZBTDWW
6763190,BMPZRESYJ
6763191,ZKQLFJWCD
6763192,VNLJWGJZB
6763193,FXBEWUHSB
6763194,IUBNIHYUG
6763195,FSRZXNCEX
6763196,MMHCDSHCI
6763197,EQJHIZLSU
6763198,GHUNFWTRO
6763199,UUDLMOSAD
6763200,JOVHQMHZU
6763201,NOZNJEIMA
6763202,QTJUZYESV
6763203,CHZCYJMBT
6763204,QYRXYZBWJ
6763205,CPNGMIOZX
6763206,HNHUDVOUH
6763207,EFHWOEJWY
6763208,RDBZAYBYM
6763209,NKFMERERU
6763210,HOGVLNJLP
6763211,TRHLFOUTF
6763212,SULRRKSGX
6763213,DLLDZOAIH
6763214,TRLVSFOMC
6763215,RWVWVXCWH
6763216,VJDWVWJHJ
6763217,EWYIDWMYU
6763218,XZRFFSKGB
6763219,SOMAIJBFQ
6763220,NOQGILDQW
6763221,IAOQVTXYE
6763222,KGNKQESPB
6763223,DWCVMNALY
6763224,SUUZKYCCR
6763225,FUVKSHBRJ
6763226,HYOZVMVIG
6763227,FMWRZZENZ
6763228,JZPVHHMZZ
6763229,BROIGYHPF
6763230,JCOCXAVXL
6763231,EMECMZTFF
6763232,YLYVHXWNL
6763233,LKMCBBLEX
6763234,EHWFHTNEV
6763235,HTECGOLEL
6763236,DKYNXAYRG
6763237,QHUGEWKSL
6763238,QOMWSQRVR
6763239,WHRUYFINZ
6763240,JFFEGQXPV
6763241,SXOGCODDP
6763242,QJSMZGZSB
6763243,ENEUXGCYW
6763244,UIKXBWLMC
6763245,RWXVMPEEU
6763246,UAZCXMKCT
6763247,CACVHHMMU
6763248,SDFWTOEZT
6763249,AGBWLGRAW
6763250,TEPPLRFUN
6763251,IAAQBAJEL
6763252,KZRYVCNBJ
6763253,TDLBGNCMG
6763254,ASHCAORSJ
6763255,UZMEHIVFZ
6763256,CGZUMRDGS
6763257,XFJEUCIAY
6763258,EUCFWXKGD
6763259,JNEYTMIHE
6763260,NJFMTJXVH
6763261,FLJNUIMFJ
6763262,EFDNNBQUH
6763263,SDICSJEWD
6763264,QKVHHLNRD
6763265,OFDAQJZTX
6763266,CKQILJDVZ
6763267,YJDVGIUCE
6763268,BIJNPIDXS
6763269,PMXUHNZVM
6763270,EDCAUOONS
6763271,YSMNBQPAB
6763272,BYIYMPIJI
6763273,XUFINSLHQ
6763274,ACFQAYBDE
6763275,PCNFOORSC
6763276,BXVBRRZVK
6763277,QITSSDDZJ
6763278,VWLYZYHFX
6763279,WBGMVBTQX
6763280,TFLXQTBGI
6763281,FLVKNBRIO
6763282,CLTCQCXTS
6763283,YLMVXGWMZ
6763284,EVVNJGQES
6763285,VJTNOFGQM
6763286,WFPLDEMPB
6763287,TXFUUHHJL
6763288,JDPOFLYRE
6763289,BKACRZCMU
6763290,IPOWDFSSH
6763291,INACRGEWL
6763292,PEQZEZPVG
6763293,VUYYXAIFZ
6763294,AOAUXFYEH
6763295,QNQJCXOKC
6763296,TLJAIGAXO
6763297,QAVICHTAA
6763298,IUKOPKQBL
6763299,CEHLEMNOT
6763300,VSECMFORL
6763301,VCJSMJVKZ
6763302,EBMATCKRW
6763303,DWSQLKPBM
6763304,HWVUAFCTS
6763305,DYSZLBJJT
6763306,WUFUWNKOC
6763307,WCMOCMYQQ
6763308,SWLVRMGQE
6763309,ROWEDQWPR
6763310,LICWQHWDR
6763311,IFJTZDLBS
6763312,JERXECTRV
6763313,PMTMHSKPB
6763314,YCFZKGCRT
6763315,FLLFEKXJA
6763316,SFUSPNEXH
6763317,ACGHTGNXP
6763318,VBSHLUQZG
6763319,ZVJKYEDTQ
6763320,QXTTZRXSL
6763321,UDRYGHSRX
6763322,FSGCSMTGV
6763323,QKZNBZHVB
6763324,HKERDOUAJ
6763325,CBBQOLEBD
6763326,AICSCFGFA
6763327,UYNQPKEGT
6763328,UAKTEWSJC
6763329,TRVIKJYCD
6763330,WHWOEFKCN
6763331,MAIDCKFZV
6763332,IHBGNLJCL
6763333,WAJLWYEQW
6763334,RHIPNZJTQ
6763335,SNXTBLOBI
6763336,GZLOTYRSH
6763337,NSEEDWKRT
6763338,IMAKDQBYS
6763339,BGCSZLCBV
6763340,KZFRUMKNH
6763341,XVILPUDDJ
6763342,CPXZTBJRJ
6763343,PAALLISXI
6763344,ZKLJNTVOR
6763345,ENWPELLVY
6763346,SMVNGCNHE
6763347,DGPBVIWQX
6763348,LELVPIQJX
6763349,ZKZVRHFMP
6763350,WLBDCQFFP
6763351,SMUYSNWEU
6763352,SARDBQGKE
6763353,VTHPIJTZY
6763354,JIMCQEGKO
6763355,XOMQECWPR
6763356,DGCBGRQZJ
6763357,HYMSUIREB
6763358,EAHFUYARG
6763359,USDMUXMGR
6763360,AYDZUCYDH
6763361,ODBMIQZYL
6763362,HLDSFVAVM
6763363,GYGGQPJVI
6763364,HVJGURMIW
6763365,OECKFQRLP
6763366,AWPLYYIQI
6763367,JDCEJCVRY
6763368,YVCXEFHVT
6763369,VDSVRSQKR
6763370,PSSHDGJKT
6763371,BMAOQTATR
6763372,VQCTRFRNN
6763373,IIPOUCGCK
6763374,HPBFARHRP
6763375,UUFNHUYQP
6763376,RFQVTQVRE
6763377,XFHQGYSXW
6763378,BYMRTKZMH
6763379,PMJVUCKNC
6763380,MURNDMEIY
6763381,SXBEPOQII
6763382,YGNSJFCYN
6763383,JYKREZZTK
6763384,RRNEODMUQ
6763385,YQHXJKHPG
6763386,NCCXASREF
6763387,MIXYESPDN
6763388,PINHTEHJU
6763389,HWKPTXNNT
6763390,VJUQICMUQ
6763391,PERLVEEPJ
6763392,WQUIFSMMD
6763393,RCLRQAPZW
6763394,FEYFXOQMX
6763395,UKSFCBWRD
6763396,KOWZUFUGT
6763397,XCFFOSMPQ
6763398,ZMCFEVFMP
6763399,NEIRWHWGS
6763400,IMZWQLBTD
6763401,BVUKNRYHP
6763402,CBMNWEGLD
6763403,NTVUUDWDC
6763404,UCDSAKADS
6763405,IPTQWKHYN
6763406,CIZYGTIEM
6763407,JPHTGATTC
6763408,EOSZHBNYT
6763409,ULPYRWKMR
6763410,KMUVYJTPD
6763411,FBCCMIQQV
6763412,ZNFGPAAGM
6763413,HGXUJWDAW
6763414,ZHIHWGKYO
6763415,YULLITTBW
6763416,SRPPQOQDV
6763417,BYMILSRCV
6763418,RHVQVKQUD
6763419,JIUGTYKRF
6763420,CZFPTMWYL
6763421,JPWQFVQMX
6763422,KYEXVJJPU
6763423,CGLCUFSJH
6763424,XYOLNIODM
6763425,JLSLSFACW
6763426,DKUMNTOZC
6763427,AORCSYWNF
6763428,ISTKOABZI
6763429,DJELTNGJA
6763430,GSYRJXYKZ
6763431,UMQTLUIWH
6763432,QHAHVZCDB
6763433,OMSTGRUBA
6763434,UUTSOOSFZ
6763435,OMOVBMOHW
6763436,EVDLJPBQV
6763437,LBIJFNAAT
6763438,ABHFGQPJH
6763439,ITMVTNKAZ
6763440,WPYISOTPR
6763441,KKHTTEDJH
6763442,GGBBSOMTG
6763443,JIZBQMVCV
6763444,KWMMJDEPD
6763445,LMCAKGKRB
6763446,PGYPYMVMB
6763447,VMKDYIJKV
6763448,AFLNCPARB
6763449,IFYZCQAMT
6763450,IJFKENIHN
6763451,ESRMRFMSN
6763452,SJBJJWUKF
6763453,KEGFDICHX
6763454,CRCWGHBMC
6763455,XZCGVXZLA
6763456,WHVLXTBUO
6763457,MGLFCUIZG
6763458,UUHPIDECF
6763459,YBVYLJTVB
6763460,BVGVAOQDK
6763461,MPNLDZLOD
6763462,UEFLIKCIE
6763463,QSXXRQFOJ
6763464,PGNCHNFZZ
6763465,OWHIWPCRT
6763466,VEYFXBQNE
6763467,IJXCTLIHE
6763468,IGEBLMLYE
6763469,HQYMSNIGS
6763470,NYFQOCVKY
6763471,RLDRAOAVM
6763472,IQUQOQYOV
6763473,PFJJAOPOG
6763474,MRDCDTVLC
6763475,MXNWQUFXD
6763476,QPGYKQIOC
6763477,TAFXDFEJP
6763478,OSPKYQFIM
6763479,OCXAKMJJQ
6763480,MQPOVFDZN
6763481,MBCBHMFAM
6763482,EIVSWKIXK
6763483,IUWZKTMHI
6763484,JHTCCKYLU
6763485,POINXHXAW
6763486,UJLCTTSGZ
6763487,JJKDHRNXO
6763488,HSPAGPKBZ
6763489,GSKFKCUWH
6763490,DCVDSYNGG
6763491,USEPLLXWH
6763492,RTPEIPKRL
6763493,LKVUVWMKT
6763494,KLTZMVZNZ
6763495,ZDCMTHATS
6763496,BRMITICMV
6763497,PDVKHRFQV
6763498,IEXBDRPPL
6763499,SDTKXUOGR
6763500,AKVOXTCDW
6763501,RYZIPVARK
6763502,VYSODHZTP
6763503,RZKQPANKW
6763504,CHAGESHTR
6763505,ZSPDAKBJS
6763506,FQDRGNQGC
6763507,OVTKKAUCB
6763508,DNAMQQOBT
6763509,TSJWDWFSM
6763510,FSINTBNXB
6763511,MHHTSRRRI
6763512,CREKTFTJI
6763513,PJMKLGNCU
6763514,CFVYJFIIN
6763515,QOCXSKKYS
6763516,VLGLVBWJI
6763517,QUNQKXLGE
6763518,EPMYIZPDB
6763519,MTQRNTOLH
6763520,SJBFVVUNR
6763521,EOHOLASRE
6763522,GKKQYOYGJ
6763523,SIDXLEDOI
6763524,HZNHUBMXD
6763525,QPQGSLVWO
6763526,AYVTQOAKW
6763527,XLFXSBVBF
6763528,BILTGWUOK
6763529,JDAPYWZJM
6763530,JGUAZIARD
6763531,JWSVREMGS
6763532,MERICRTBL
6763533,VWCKZAQJW
6763534,XUSIQBOGW
6763535,WHSWQWYBV
6763536,VGYQRHMPH
6763537,CRCLYDHIW
6763538,VLMFXDCHP
6763539,KWXQIOTUM
6763540,VSUJBLBWX
6763541,YFCTTIOOM
6763542,CAMTMEDTB
6763543,CCPXEWLYZ
6763544,ESAOIMZMJ
6763545,UKQZEOKSG
6763546,WROAHRZLN
6763547,FIPHPJULN
6763548,XPYVELBDT
6763549,BXZSPMEPF
6763550,PFXKOHAEP
6763551,KFYIIJLRZ
6763552,WNRAPXIMO
6763553,UTSGJLUYX
6763554,JYIEWQEER
6763555,RMFNYNWGL
6763556,NLKYXDTNH
6763557,XFUNHFWHL
6763558,FMWQUOFOG
6763559,NZVMHKSJC
6763560,BZKSTQFQY
6763561,ATIMKKUPE
6763562,YVBDYNOSJ
6763563,ZCCJAKKRV
6763564,OHHRYGMTS
6763565,IYIZNGBTV
6763566,PNFIGBOYT
6763567,DXFMNPVPW
6763568,DZVSDQTPD
6763569,HBOKKHZGW
6763570,SSRENXKMZ
6763571,HKBMOSMQH
6763572,QKIREXYDJ
6763573,VBHSDUIUN
6763574,VIDSMIGYZ
6763575,KDCONFCFV
6763576,VYUIBHTXF
6763577,FTUBOAEEF
6763578,SIOODGIWV
6763579,LCLRCSGAU
6763580,CUTGPOBAZ
6763581,ZLENPDEIQ
6763582,BMQIUELMM
6763583,JOJCSQUHW
6763584,ZZCWXOELT
6763585,ZIKFXICMW
6763586,ZMAQJAJPV
6763587,QWMZHBWVC
6763588,YSWWGWKKS
6763589,CMWRIRYCA
6763590,UAYBGWPEC
6763591,QIPPRADYO
6763592,TGERKUEOF
6763593,PJCNGEQUE
6763594,ACSHBNGNB
6763595,FLYQPNJHN
6763596,CNHOAMVQZ
6763597,UOZIYSOEM
6763598,SCTZJTRMV
6763599,VTYNNTOBH
6763600,IDYWSCXEA
6763601,VBRZAEHSL
6763602,YAHUQZVQX
6763603,YIGHZTJAZ
6763604,OQGCGQZOO
6763605,FLSQZCIPJ
6763606,ESPRRHMDH
6763607,QEKJGAQPM
6763608,PQBFYOCGA
6763609,BALXXKIUA
6763610,SLXEKMBJI
6763611,FHSBNVHIF
6763612,SEUNNSWLI
6763613,VJQPUBWIB
6763614,JFUMFTXOC
6763615,EBNZGFXFB
6763616,BOGCKMZPZ
6763617,MRNVZCKPU
6763618,KGJQXGQIS
6763619,ZMOJWOLIR
6763620,JODFKSNYE
6763621,GVAAVTNTG
6763622,BHGSFXSNU
6763623,OENRZWDNT
6763624,EPZAKZQDT
6763625,SDIPQFPJU
6763626,HJLPZLBLY
6763627,WVSUDGRRG
6763628,HHHXRSPSA
6763629,GTOJYOWNS
6763630,RUGFZRUGY
6763631,YYTBTAWBT
6763632,AEYOJNPDF
6763633,ILHQDJULS
6763634,FJUGTBSCS
6763635,UQKSUZIAX
6763636,RWGSWLGKX
6763637,UKACIPWQY
6763638,QHFXMRHND
6763639,PVYPSADPN
6763640,APFYVDZOW
6763641,FRHEDUUIP
6763642,DADAIGLIE
6763643,CABQFEVZP
6763644,RVEVNCDRH
6763645,KBRFXIFBA
6763646,RRACFHYOR
6763647,DRIGFQKCM
6763648,WEEJHZJTV
6763649,CESVPFYLM
6763650,GTOFCIWMR
6763651,TQKIOCEIO
6763652,UNSWCWBEV
6763653,HPLRSHUPX
6763654,UAOKARMND
6763655,OUCGSSYJZ
6763656,EFEFCNJKP
6763657,WQVSWSCLE
6763658,HTFXNHRJD
6763659,SXZXAXHIO
6763660,QNNXGGLFW
6763661,HGWYQVUAY
6763662,ZUQLEXTBP
6763663,JLRLNPUKB
6763664,FFKXHNNXL
6763665,QOSYHITCW
6763666,RWSEDATQU
6763667,ICFCMRHSQ
6763668,DBIOPXGTL
6763669,DWUTSYPZU
6763670,EZNAAXQKG
6763671,BTNKTOGNF
6763672,CILZYENTA
6763673,EJJSQWDBV
6763674,TXVBEXCRJ
6763675,PFKDTRDJA
6763676,QHEYRMGUW
6763677,QQDGNOTVA
6763678,MFVHKEUPG
6763679,BFOVXMDUW
6763680,UJQRTSTOW
6763681,CVMFCLCDV
6763682,TEZXHVQWG
6763683,NRTTYNILL
6763684,THEBGYVHO
6763685,IZVYXJXAA
6763686,ANXWNYIFL
6763687,CPBAEIPXI
6763688,FMIASZMAA
6763689,WODUAIRTW
6763690,OPGUEPIPA
6763691,UKEDSUMTX
6763692,WJMNOABSF
6763693,FSVQRQBFK
6763694,BCYBGVFVU
6763695,QPTLRJXOP
6763696,WYVJCNOSB
6763697,KNLMFURRO
6763698,FYQQYQAXH
6763699,DZJELQMIH
6763700,ACKASLIXS
6763701,SDRBWGMUC
6763702,DGCTZAEHO
6763703,USQKCWIDD
6763704,RLRBINSQY
6763705,FHBMDHWTI
6763706,VQBIBITYQ
6763707,HZDTYODDX
6763708,WYLNIMFHU
6763709,KQBEKNZUU
6763710,NZWFAXRLQ
6763711,KTYADDJOP
6763712,PBNEHAUOW
6763713,CXAMXUANT
6763714,OSKYOZSEM
6763715,ZJNLSJWEB
6763716,BVCGBCRUK
6763717,JYNXFESRF
6763718,EMDXNAIUO
6763719,EUPVCQSDQ
6763720,SSDZIKXBJ
6763721,OZMUQQVLS
6763722,CWJCMIEUA
6763723,AQQCDZABY
6763724,WPJHDDQHD
6763725,APAKZBLLF
6763726,WXKXODKJS
6763727,ZSMWNKYTX
6763728,QAHRVCRQX
6763729,DCFRMSCSV
6763730,SEYKUFHVW
6763731,OPHVLTLSF
6763732,XMTLCBCQP
6763733,VZUTMOEPT
6763734,HGZJRDZJS
6763735,QHPXAVVND
6763736,UNISQAHGH
6763737,JROZTQPUR
6763738,HUSFLXUYT
6763739,JTOWCPGBL
6763740,KJCZBVHGQ
6763741,CSDJUMZMG
6763742,PMEXOQIYI
6763743,KGZYZLTBM
6763744,QWBDBXOEQ
6763745,RMQYVRIKP
6763746,VKIVUDGNW
6763747,VHASVOEOJ
6763748,ASYPKNUWQ
6763749,NFZNHTYOC
6763750,MFFSINILM
6763751,ANBSQBNOW
6763752,GDAHNBAYI
6763753,KMKWUBAOI
6763754,LKYSZZGAO
6763755,IXEUOIAZZ
6763756,ATHOYMFFP
6763757,DZGDSNQSL
6763758,UIOLLWAKH
6763759,RLPSGJTGL
6763760,TTKOFNDQN
6763761,QRHEXGPUO
6763762,ZKCLMETEN
6763763,IUZQHTROE
6763764,VUKCVGENT
6763765,WDZYFDKNQ
6763766,GQIYZFDUQ
6763767,XQQQAVQHB
6763768,APFYWPZVK
6763769,WRYMTAOAL
6763770,DRYBHTJBR
6763771,ZRBVVNNCU
6763772,LYSGVCBKO
6763773,DHFFSTDZN
6763774,HFEXAXUAI
6763775,HXOPBWNRW
6763776,BVUSORTOD
6763777,KPYVSRFRJ
6763778,STEERLYRR
6763779,DHUUEDSOV
6763780,WYGTDVRAB
6763781,PQAZBJQGB
6763782,VBEJTEBLY
6763783,FMMIQXHDD
6763784,LQTOGJRKH
6763785,SVKUXDXIL
6763786,TWHBZIMEQ
6763787,JQKMLLFLV
6763788,HZOCNTSCR
6763789,MVEDHTLVW
6763790,FYCGZNEFG
6763791,SEIAKEOFE
6763792,SJRIMXTEN
6763793,IFZRSPVLU
6763794,YEYOTATIJ
6763795,HZAXCAQKP
6763796,YWBJUMUDA
6763797,IGMFFHABG
6763798,VQEPEDWMQ
6763799,NYQGMHKWO
6763800,AQRLTPOZZ
6763801,YYJNGYBDG
6763802,CYDMNKBDE
6763803,WHWKYQZWJ
6763804,GCMQUQPNC
6763805,LPHYJFUWO
6763806,AQFVMOEER
6763807,YSUFJOKRK
6763808,SMJIHVPEJ
6763809,BWROTEVSU
6763810,APADVQNFO
6763811,CLHILPFCX
6763812,RVSVEJMQN
6763813,SDFROOFGR
6763814,UINSXVVQI
6763815,EYXMFISOK
6763816,LKYKSQBVE
6763817,PGVNOTJAP
6763818,DVEFYKGOW
6763819,ROSYEHDYV
6763820,OXXNHXXHI
6763821,JXFTITBWC
6763822,RTENGZNKF
6763823,PANWFKSHK
6763824,THHUEYZXP
6763825,JKJWYAABX
6763826,HBAVBOURC
6763827,XOKLKIDTA
6763828,NIBWLPEEQ
6763829,XKRMBHWKI
6763830,JHFALXZGN
6763831,ZSLNHGJNC
6763832,CBTGOHCBC
6763833,CKGCWQJTD
6763834,XXQCHPXWZ
6763835,JBJDUXOOW
6763836,TPCRCWPCC
6763837,KVNBHZQPJ
6763838,EGSOJQOXD
6763839,WXVBJEZUC
6763840,LXIYHJAEB
6763841,LITBIJLBD
6763842,UVHOXOOHL
6763843,CNKTDHLSO
6763844,KNWVVLKDO
6763845,KSEXMKEVN
6763846,RAVOXRGSV
6763847,VNPIFCSBX
6763848,HYLAZOLGX
6763849,FUHZGCMJG
6763850,AKTBWALFD
6763851,NSFSARXUO
6763852,CPQPVULKU
6763853,ZNFZVSTOM
6763854,NQERDLMDU
6763855,ZKQPIOGEV
6763856,GRZRAYNEC
6763857,CHQFTXSKI
6763858,VELVGHRMT
6763859,XPQAFHNZW
6763860,XLIVMTAUL
6763861,WERERLIZM
6763862,JFFKNUKGD
6763863,ANYAHDCQO
6763864,GDMVOBIWD
6763865,FJFZTNVZY
6763866,EPJWLHDJR
6763867,RGDHFLCKP
6763868,FFLDFWGFA
6763869,BRMMHKHNZ
6763870,MOWQRSOHI
6763871,WOQUDZPWQ
6763872,FOMZUOJFA
6763873,RTPPJUZOE
6763874,ETPYSVYOB
6763875,PFHDAIHFA
6763876,LHTXVPQIN
6763877,VLYXJKDRT
6763878,ADVOKTSHY
6763879,KKTMWSJFU
6763880,HJQISJBEF
6763881,BXFJHKHOB
6763882,HDCEPYCWK
6763883,OWDLSEGFR
6763884,TIJOAMHLO
6763885,BEQXSYICG
6763886,SRGHUXSBH
6763887,DJYHZPIEN
6763888,MUHTCMALR
6763889,PSQGYQBUA
6763890,VRWTFXOXQ
6763891,PICEJUYMP
6763892,RPUWNVGCG
6763893,EWXQRLNBT
6763894,JGFLQHWMG
6763895,LHSOJITUW
6763896,EEBYGJUWF
6763897,HPKWJUSOK
6763898,NEYKFGTZP
6763899,ZMCFLRJVQ
6763900,FCDOKMWKG
6763901,VGAMIKGNB
6763902,RAVUQOAJJ
6763903,PCNGSUGVW
6763904,WRJHBBUGO
6763905,DNSKEVJHJ
6763906,COIRZRURY
6763907,RGHFVKRUG
6763908,JTDWVZUKW
6763909,UGWHLQAVU
6763910,OUBRKFUSC
6763911,BHTSNLDSE
6763912,MRASAGECL
6763913,NEWQWOSLV
6763914,SBOHFNBJH
6763915,UAANTDVVG
6763916,NSJZNONZD
6763917,GGOWATTNR
6763918,GDZQAYSMN
6763919,LGCOWWQSY
6763920,YVAXCAHIL
6763921,QOEDDDTMP
6763922,DODHLEAAU
6763923,OAVKJPJXA
6763924,FLEQNCTEJ
6763925,PBZYFQLXA
6763926,QDJGTAKZH
6763927,QLJYRXDCY
6763928,QGRDMHGQT
6763929,LVPXVDEQE
6763930,BHSYYPZZJ
6763931,FIQMZRPMK
6763932,PMWTHQOPM
6763933,QAFLJNFUS
6763934,PLUOPBNGZ
6763935,FTTRJXZPM
6763936,RDLRLKELW
6763937,DTMLCBPUX
6763938,ODKBYQAJG
6763939,KBFGZBGEF
6763940,KSTZGGBZU
6763941,WNBALUYUL
6763942,YXBQJPILR
6763943,ZXUOXTGFH
6763944,DPFCERKIW
6763945,LUADEKOCX
6763946,DNBHEHFPZ
6763947,KTJUUPLZG
6763948,KRQXBGDMZ
6763949,CGJJKGMGZ
6763950,STXUJDSWT
6763951,QJRBZEVWD
6763952,CSEXOGWZZ
6763953,AHFHDJGWA
6763954,YNMCMNYUC
6763955,EYKTKXQEM
6763956,YPVIEVXGT
6763957,RFBRJLNTF
6763958,OZJGKPGJN
6763959,PZNQVIZZC
6763960,KTJPCNORQ
6763961,YKYFSRBVE
6763962,THHODZPDA
6763963,IBVPDYZAZ
6763964,WHRUEOFKZ
6763965,THDVAGIBC
6763966,VKFKBQWVP
6763967,RVVKYTLMX
6763968,YUNWEXKHX
6763969,TFZZTACGM
6763970,JGUQTOZRF
6763971,UNEKIYHZK
6763972,QLWVUVMLB
6763973,KYNAUTGOA
6763974,PXJJAQKTH
6763975,HPIPTIOTJ
6763976,YBEPEGVFH
6763977,YRVUDRKWM
6763978,WSNONPSHF
6763979,MIJULTALV
6763980,FQPBKYQVH
6763981,AKYEOYGTS
6763982,PYRNBWFSB
6763983,QKIYPMOKC
6763984,USBPIORHP
6763985,FQFHRGQZA
6763986,AIDDQELMG
6763987,MXYFQMDRK
6763988,UWITGKTRA
6763989,HGXOAKPIC
6763990,LLMLCWHCX
6763991,CCSVIPWHN
6763992,INYRACQJT
6763993,JMANIOYDR
6763994,VDUJZWEXK
6763995,FSGGVDBBN
6763996,XAQKFZRFT
6763997,UMCLQVMOV
6763998,XRADBATWI
6763999,PPJKPIUUI
6764000,BZOBIYSDG
6764001,ZVSRODJLI
6764002,BNCZORITN
6764003,BWHKRZYHW
6764004,XWIXJJITA
6764005,UDEUNNFTQ
6764006,EYXQAYHEX
6764007,BHJOSQJZB
6764008,ABCFDFJCI
6764009,ZYZJQXQUN
6764010,VEYCOGTFX
6764011,SAEGPGTEW
6764012,VJGNZVUAM
6764013,MGEPBKGFM
6764014,LEOERMWSI
6764015,NRHGIEVAH
6764016,ZNGANUQED
6764017,KKTSMJCTH
6764018,DGCIUGAIC
6764019,GRHUNEVOB
6764020,FNMLMOYRZ
6764021,VSGROALKS
6764022,LXGBSWXWZ
6764023,ZJNIVHLEE
6764024,GVFBUOVYE
6764025,RFFPAFDNH
6764026,UNFKPLLLA
6764027,OMQKDYEJW
6764028,YOQHWEQNW
6764029,XWOJOCKLF
6764030,ZJAYMZTVG
6764031,SOOSNARSW
6764032,AKHAVHCSB
6764033,IGRNNFVYO
6764034,ADXJEQBQE
6764035,SIMZWVFRJ
6764036,BNUQXUCUG
6764037,QZXNVYIBX
6764038,THQZOLVVM
6764039,NCHJPMVOL
6764040,ISJFSIAAQ
6764041,SKCPXQTFS
6764042,WYKFERFJQ
6764043,IZYAVQTQB
6764044,PDEQVGAPY
6764045,APCPTTOQT
6764046,SCTIFMNZB
6764047,UAMJEHIOY
6764048,HUXYQGHII
6764049,UUHRPQQUI
6764050,VTTXYMTFM
6764051,ZLSPDPIFR
6764052,SOYCDCVBZ
6764053,FEKOFEZXW
6764054,EPWFNPVHX
6764055,GZZJYCYPS
6764056,HLRTVXUET
6764057,RXKWCGSHM
6764058,UIZFKKHNS
6764059,ZVUGVNUKE
6764060,CAAODCJLO
6764061,VJESLFQOG
6764062,XOKNETGEU
6764063,QIDRYMCKU
6764064,MWGBVDQVY
6764065,MEDOEKTJF
6764066,VFLJSTGIH
6764067,NKWTPPQBD
6764068,PKFRRIMKB
6764069,CLFIYAPHI
6764070,KDIFPCFRM
6764071,YVMHDJZXO
6764072,IWSQWFNRA
6764073,YMAVWNZTJ
6764074,SRAONEHGQ
6764075,NIDXLYBVN
6764076,YSXZBPUWV
6764077,ERZZZVFAR
6764078,AXTNQNVKE
6764079,ADVAZZAZC
6764080,DWCYKQNGC
6764081,ZUCNTOVJC
6764082,WUDIMKRXZ
6764083,MJYFCJOFV
6764084,HTGENZJNL
6764085,HNXGGWYIY
6764086,IEOIJMHXF
6764087,XDHWOFPAA
6764088,TKWYWZCBD
6764089,IUZHDXSNY
6764090,VYOXFVCPP
6764091,KFVGCRWBS
6764092,NZHULKUGC
6764093,CJCLTWGHR
6764094,LNECKBXGO
6764095,KQSDBAEJY
6764096,RXYYAZKND
6764097,OXYTFMJLI
6764098,YGSKVVUDO
6764099,EWWQERCPJ
6764100,ANCDJGPBP
6764101,QPDPXXPQM
6764102,ESQKAWHXB
6764103,SEURUSHZK
6764104,VIOUYAQSU
6764105,GUQXESYEO
6764106,CIZCPGJGK
6764107,UJKWGYKGM
6764108,VXOQDKICT
6764109,SMUKNXMTJ
6764110,WZZNXMXJU
6764111,SQOCPVTNQ
6764112,ZDNXLLHNW
6764113,PQDHQBVCV
6764114,MNSHRLGIK
6764115,OPXTQDSZX
6764116,MXYUBROSG
6764117,HIMMJJXDD
6764118,MYOIFIMED
6764119,UBQMYSBBI
6764120,ONBAIFLFX
6764121,RWXSSXAVM
6764122,OJUROTOAT
6764123,KIRGFOZYA
6764124,MCLNSITOY
6764125,MGEXLOEWG
6764126,HMJSJBOYI
6764127,VQFQJJIEF
6764128,NNKECZZMZ
6764129,FBOHJMUPI
6764130,KSFDMEHBU
6764131,QOBKOYKMT
6764132,IGLWGKXCM
6764133,HBOWCJNCK
6764134,KDVYTZAIQ
6764135,BNTOGUXCC
6764136,EGKJRLZJG
6764137,DPPYNPWLQ
6764138,XFWUIDBNZ
6764139,BSLHMUROK
6764140,XDHSHACLN
6764141,XDRKUSLJU
6764142,GYUQRDYGA
6764143,ZKMXJWCWV
6764144,GWFFAIYBQ
6764145,GCJOGNYHD
6764146,WBMKYFVRV
6764147,CYNRFQODJ
6764148,GLJXPRPHZ
6764149,HGKJEYHDP
6764150,YXVCKLDCL
6764151,RUQWLVIAX
6764152,DTOQMCXFQ
6764153,DYUUHJCWJ
6764154,CTFOESCFE
6764155,VQONMIZWY
6764156,CTIYZBAPQ
6764157,MHHHDCOWU
6764158,PGJOKAHFD
6764159,WQIFMWYQU
6764160,TUMTLZJAI
6764161,PPIZXRAMK
6764162,QWTECVEPT
6764163,XTWYZKDTR
6764164,XZQXLQDFC
6764165,AHNBWIIXV
6764166,ZSRSELJFE
6764167,RVRBZFJIG
6764168,IGNEUEOXN
6764169,XUGMMJEZV
6764170,WZIVICGML
6764171,EDDBZFAUY
6764172,DCIMKWQOX
6764173,FRUEVJXFQ
6764174,DEPFGOWLJ
6764175,UFFGOKBXF
6764176,ZEUEYMLOS
6764177,UKNOTMJDU
6764178,UCPUTNJKE
6764179,DUMNQTRWN
6764180,MFRRFDPEI
6764181,TVOVKVKMO
6764182,DHTWNWINT
6764183,CTUKVENPT
6764184,CYQUWFOND
6764185,QWFUJSJAX
6764186,RUATCHZKH
6764187,TGOVNUDHS
6764188,MVHONFVEF
6764189,RPKAPUMGD
6764190,LKZHCUMRH
6764191,ZEOWSVUOJ
6764192,VMJOEXUJY
6764193,NFJCSUFSK
6764194,KSTLBPJZW
6764195,NIAQWGHAN
6764196,MURYJCHRP
6764197,GDCEOPDMP
6764198,TLOMENRDZ
6764199,PKGFAUTZM
6764200,CIBJNXNPD
6764201,PHWWXTZOX
6764202,FQANBXBBB
6764203,MDFNVSDRC
6764204,VAPCHQRPR
6764205,MGHSLXBKA
6764206,BTDCXTWGL
6764207,AICNJPFRO
6764208,DVAJVVIJL
6764209,DLXHOOVKW
6764210,CEEVTCCDX
6764211,XOXTDAMHM
6764212,VJCDBZSOZ
6764213,XWXBOANVC
6764214,SGJDUCFNN
6764215,CZEURQWZP
6764216,EQKWODVQH
6764217,IWBKFOVIJ
6764218,GDLXWZMDZ
6764219,HBCLFFYKI
6764220,YNMFYBHTF
6764221,EDEXGWLML
6764222,HYQYYEYKW
6764223,PMDZJWLHJ
6764224,YAUQKLTOG
6764225,CFXNZCPGJ
6764226,ALUVTNCME
6764227,GIGIGEUWD
6764228,RPTXECSSI
6764229,HQONSGASZ
6764230,IUNGWCVBD
6764231,BEMPPZXXM
6764232,SWPIXJKCX
6764233,CHJNLTNZC
6764234,IMAREGQBZ
6764235,BZZUGRAYF
6764236,KJQYKMYWY
6764237,AKKDKIOPG
6764238,EYAIIQMOG
6764239,CQRYWNTTE
6764240,PCCNCVEVE
6764241,ZYLTWCYBD
6764242,GKJWEZQAE
6764243,JNCOPZJQC
6764244,VQFIPFUTD
6764245,XYPYJJSHX
6764246,ZLQSFDXSF
6764247,SJCNDIUET
6764248,QCJHOQJHR
6764249,SSGEQTWWJ
6764250,RYLSJKJRI
6764251,PFGONWJMB
6764252,KFKSLFTGH
6764253,HGXNZLXIY
6764254,XFSYOHQSS
6764255,CYPWIKKIK
6764256,VMVZFVQZX
6764257,EKLVIDQSO
6764258,GRXXLSTFL
6764259,MXAIDUSST
6764260,TTZJVFBBP
6764261,PLPPDXOMF
6764262,DTYWQVBRJ
6764263,BVEITSBSA
6764264,TXDSSTZXW
6764265,KDFTALYBL
6764266,PGIBTCJBD
6764267,KGXMQUJUF
6764268,NAQYYVHXN
6764269,JNRBHNLVO
6764270,EYNWJWHIA
6764271,UHWCDBLLQ
6764272,CXZBPGUZF
6764273,SZEQTSPJK
6764274,ACXLEKSHD
6764275,MNXYTLXUF
6764276,SZGMQRCWH
6764277,MIMAGILGP
6764278,UNEPVWBJC
6764279,QRIDCTYYE
6764280,SLFYDZYNG
6764281,CULWXYMVG
6764282,NUMKMMMHW
6764283,MKNEUFEXV
6764284,XOXHYMRQG
6764285,TIKAPYMZJ
6764286,KONBFVTMY
6764287,EBMXGLLQB
6764288,SLGOBFHEQ
6764289,BTOOSIQCD
6764290,KDTCUJEIF
6764291,ZMHADBCAI
6764292,WBJFIWQLF
6764293,XCPIODKPW
6764294,EBPQJWAFZ
6764295,SLRTECQQG
6764296,JXVWGZLWU
6764297,NTXCLZLXE
6764298,PLQEHFFIJ
6764299,QCFJWRMBN
6764300,AUKNLGQDT
6764301,FSSCQCUGN
6764302,LHFCDVSZF
6764303,UNWNESESV
6764304,YJXASLTYN
6764305,ENGEXIJXP
6764306,DQXLLQJFH
6764307,SMKMICCBO
6764308,NOBCAQQEG
6764309,CLRNYURVG
6764310,EANJYLMGU
6764311,YZFSRZTBU
6764312,LORHLWZYR
6764313,CEKUNOLJX
6764314,RSNGWUVDX
6764315,HWWWXYIVE
6764316,WKOMTBWHT
6764317,SJFKCYBJV
6764318,UTEEOPXBN
6764319,YVPIFAGFF
6764320,AHBLRLEOV
6764321,OWVOHPBME
6764322,ZUDOVGYCT
6764323,THVHLLIMI
6764324,CBOIUFEUG
6764325,NLVSJBQPY
6764326,RCNKUSFLR
6764327,PQZGLFWCL
6764328,AUWHTQHJD
6764329,JXXEPHYYQ
6764330,WLBKKTKZB
6764331,HTRLACTPI
6764332,GXGGVZLDX
6764333,UTHBLKGIG
